name	object_id	schema_id	type	type_desc	create_date	modify_date
sp_MSalreadyhavegeneration	-1073624922	4	P	SQL_STORED_PROCEDURE	2026-08-27T10:22:57.167	2026-08-27T10:22:57.170
sp_MSwritemergeperfcounter	-1072815163	4	P	SQL_STORED_PROCEDURE	2026-08-27T10:22:45.317	2026-08-27T10:23:10.373
sp_drop_trusted_assembly	-1072667163	4	X	EXTENDED_STORED_PROCEDURE	2026-08-27T10:21:37.550	2026-08-27T10:21:37.553
TABLE_PRIVILEGES	-1072372588	3	V	VIEW	2026-08-27T10:22:29.967	2026-08-27T10:22:29.970
sp_replsetsyncstatus	-1071944761	4	X	EXTENDED_STORED_PROCEDURE	2026-08-27T10:22:38.563	2026-08-27T10:22:38.610
sp_mi_dag_check	-1071528820	4	X	EXTENDED_STORED_PROCEDURE	2026-08-27T10:21:48.543	2026-08-27T10:21:48.547
sp_replshowcmds	-1070913306	4	P	SQL_STORED_PROCEDURE	2026-08-27T10:22:42.967	2026-08-27T10:22:43.550
sp_publishdb	-1070573756	4	P	SQL_STORED_PROCEDURE	2026-08-27T10:22:39.960	2026-08-27T10:22:40.643
dm_os_linux_disk_stats	-1070115986	4	V	VIEW	2026-08-27T10:21:48.117	2026-08-27T10:21:48.120
fn_MSrepl_getsrvidfromdistdb	-1070030802	4	FN	SQL_SCALAR_FUNCTION	2026-08-27T10:22:40.400	2026-08-27T10:23:00.520
fn_getserverportfromproviderstring	-1068937686	4	FN	SQL_SCALAR_FUNCTION	2026-08-27T10:22:39.840	2026-08-27T10:22:40.657
sp_addqueued_artinfo	-1068897509	4	P	SQL_STORED_PROCEDURE	2026-08-27T10:22:37.583	2026-08-27T10:23:02.997
sp_replcounters	-1068756304	4	X	EXTENDED_STORED_PROCEDURE	2026-08-27T10:22:38.557	2026-08-27T10:22:38.610
sp_MSget_subscription_dts_info	-1068452095	4	P	SQL_STORED_PROCEDURE	2026-08-27T10:22:45.283	2026-08-27T10:22:45.600
sp_help_spatial_geometry_index_xml	-1068265529	4	P	SQL_STORED_PROCEDURE	2026-08-27T10:22:08.600	2026-08-27T10:22:08.603
sp_password	-1067822458	4	P	SQL_STORED_PROCEDURE	2026-08-27T10:22:01.343	2026-08-27T10:22:01.377
dm_resource_governor_resource_pool_volumes	-1067705889	4	V	VIEW	2026-08-27T10:21:48.177	2026-08-27T10:21:48.180
sp_MSstopdistribution_agent	-1067634502	4	P	SQL_STORED_PROCEDURE	2026-08-27T10:22:45.460	2026-08-27T10:22:45.610
sp_replmonitorrefreshjob	-1067473073	4	P	SQL_STORED_PROCEDURE	2026-08-27T10:22:45.390	2026-08-27T10:23:10.477
sp_dw_database_state	-1066286500	4	X	EXTENDED_STORED_PROCEDURE	2026-08-27T10:22:12.617	2026-08-27T10:22:12.620
sp_redirect_publisher	-1065960762	4	P	SQL_STORED_PROCEDURE	2026-08-27T10:22:45.487	2026-08-27T10:23:10.660
sp_MSenumpartialchangesdirect	-1065074012	4	P	SQL_STORED_PROCEDURE	2026-08-27T10:22:56.557	2026-08-27T10:22:56.560
sp_get_migration_vlf_state	-1064940705	4	X	EXTENDED_STORED_PROCEDURE	2026-08-27T10:21:48.550	2026-08-27T10:21:48.553
sp_MSupdate_subscriber_info	-1064594347	4	P	SQL_STORED_PROCEDURE	2026-08-27T10:22:44.973	2026-08-27T10:23:09.797
sp_MSdrop_distribution_agent	-1064529606	4	P	SQL_STORED_PROCEDURE	2026-08-27T10:22:44.837	2026-08-27T10:23:09.643
sp_bindsession	-1064199433	4	X	EXTENDED_STORED_PROCEDURE	2026-08-27T10:21:51.090	2026-08-27T10:21:51.150
sp_MSallocate_new_identity_range	-1064127790	4	P	SQL_STORED_PROCEDURE	2026-08-27T10:22:57.263	2026-08-27T10:23:15.993
sp_MSenum_snapshot	-1064122628	4	P	SQL_STORED_PROCEDURE	2026-08-27T10:22:45.080	2026-08-27T10:23:10.017
sp_xa_prepare_ex	-1063740264	4	X	EXTENDED_STORED_PROCEDURE	2026-08-27T10:23:31.607	2026-08-27T10:23:31.610
sp_replsendtoqueue	-1062693608	4	X	EXTENDED_STORED_PROCEDURE	2026-08-27T10:22:43.530	2026-08-27T10:22:43.533
sp_dropmergepullsubscription	-1062226372	4	P	SQL_STORED_PROCEDURE	2026-08-27T10:22:37.483	2026-08-27T10:23:02.810
sp_MShelpvalidationdate	-1062025115	4	P	SQL_STORED_PROCEDURE	2026-08-27T10:22:54.790	2026-08-27T10:22:54.793
dm_os_hosts	-1061705188	4	V	VIEW	2026-08-27T10:21:48.047	2026-08-27T10:21:48.050
sp_cycle_errorlog	-1060662208	4	P	SQL_STORED_PROCEDURE	2026-08-27T10:21:48.310	2026-08-27T10:21:48.653
sp_xtp_force_gc	-1060571671	4	P	SQL_STORED_PROCEDURE	2026-08-27T10:23:45.587	2026-08-27T10:23:45.590
sp_MSgetdynamicsnapshotapplock	-1059059673	4	P	SQL_STORED_PROCEDURE	2026-08-27T10:22:55.140	2026-08-27T10:22:55.143
sp_rename	-1058549068	4	P	SQL_STORED_PROCEDURE	2026-08-27T10:21:40.903	2026-08-27T10:21:41.107
sp_dropremotelogin	-1057934000	4	P	SQL_STORED_PROCEDURE	2026-08-27T10:22:02.510	2026-08-27T10:22:02.523
sp_addpullsubscription	-1057455267	4	P	SQL_STORED_PROCEDURE	2026-08-27T10:22:37.240	2026-08-27T10:23:02.453
xp_instance_regread	-1057316729	4	X	EXTENDED_STORED_PROCEDURE	2026-08-27T10:23:28.967	2026-08-27T10:23:29.040
fn_ledger_retrieve_digests_from_url	-1057103479	4	IF	SQL_INLINE_TABLE_VALUED_FUNCTION	2026-08-27T10:21:48.757	2026-08-27T10:21:48.760
sp_cdc_disable_table	-1057038550	4	P	SQL_STORED_PROCEDURE	2026-08-27T10:22:48.420	2026-08-27T10:22:48.593
sp_is_makegeneration_needed	-1056869584	4	P	SQL_STORED_PROCEDURE	2026-08-27T10:22:52.553	2026-08-27T10:23:12.060
sp_MSaddmergedynamicsnapshotjob	-1056019426	4	P	SQL_STORED_PROCEDURE	2026-08-27T10:22:54.960	2026-08-27T10:23:13.877
sp_MSrepl_agentstatussummary	-1055247368	4	P	SQL_STORED_PROCEDURE	2026-08-27T10:22:40.420	2026-08-27T10:23:00.577
sp_changelogreader_agent	-1055162260	4	P	SQL_STORED_PROCEDURE	2026-08-27T10:22:43.387	2026-08-27T10:22:43.560
dm_os_memory_brokers	-1055124494	4	V	VIEW	2026-08-27T10:21:48.090	2026-08-27T10:21:48.093
sp_MSdynamicsnapshotjobexistsatdistributor	-1055103308	4	P	SQL_STORED_PROCEDURE	2026-08-27T10:22:45.310	2026-08-27T10:22:45.600
sp_process_memory_leak_record	-1054537646	4	X	EXTENDED_STORED_PROCEDURE	2026-08-27T10:21:48.733	2026-08-27T10:21:48.737
sp_procedure_params_100_rowset2	-1052345683	4	P	SQL_STORED_PROCEDURE	2026-08-27T10:22:27.710	2026-08-27T10:22:27.713
dm_db_stats_properties_internal	-1052007962	4	IF	SQL_INLINE_TABLE_VALUED_FUNCTION	2026-08-27T10:21:46.830	2026-08-27T10:21:46.833
sp_MSenum_merge_subscriptions	-1051735789	4	P	SQL_STORED_PROCEDURE	2026-08-27T10:22:45.210	2026-08-27T10:23:10.187
sp_autostats	-1051705964	4	P	SQL_STORED_PROCEDURE	2026-08-27T10:21:45.710	2026-08-27T10:21:45.743
fn_sqlvarbasetostr	-1051588973	4	FN	SQL_SCALAR_FUNCTION	2026-08-27T10:22:41.833	2026-08-27T10:22:43.550
sp_assemblies_rowset_rmt	-1051463054	4	P	SQL_STORED_PROCEDURE	2026-08-27T10:22:27.630	2026-08-27T10:22:27.633
dm_database_external_policy_principal_assigned_actions	-1051424522	4	V	VIEW	2026-08-27T10:21:47.923	2026-08-27T10:21:47.927
sp_columns_90_rowset_rmt	-1051311111	4	P	SQL_STORED_PROCEDURE	2026-08-27T10:22:27.370	2026-08-27T10:22:27.373
sp_MScomputemergearticlescreationorder	-1051057162	4	P	SQL_STORED_PROCEDURE	2026-08-27T10:22:54.943	2026-08-27T10:23:13.837
dm_exec_cached_plan_dependent_objects	-1050437832	4	IF	SQL_INLINE_TABLE_VALUED_FUNCTION	2026-08-27T10:21:51.027	2026-08-27T10:21:51.030
sp_addserver	-1049449991	4	P	SQL_STORED_PROCEDURE	2026-08-27T10:22:02.483	2026-08-27T10:22:02.523
sp_MSchecksnapshotstatus	-1049257763	4	P	SQL_STORED_PROCEDURE	2026-08-27T10:22:56.500	2026-08-27T10:22:56.503
sp_MShelp_distribution_agentid	-1048326184	4	P	SQL_STORED_PROCEDURE	2026-08-27T10:22:45.260	2026-08-27T10:23:10.260
sp_reset_dtc_log	-1047706191	4	X	EXTENDED_STORED_PROCEDURE	2026-08-27T10:23:32.703	2026-08-27T10:23:32.707
sp_MSaddlightweightmergearticle	-1047371812	4	P	SQL_STORED_PROCEDURE	2026-08-27T10:22:58.520	2026-08-27T10:23:17.157
openkeys	-1047118026	4	V	VIEW	2026-08-27T10:21:35.087	2026-08-27T10:21:35.090
sp_MSarticlecleanup	-1046945244	4	P	SQL_STORED_PROCEDURE	2026-08-27T10:22:37.470	2026-08-27T10:23:02.787
sp_MSexecwithlsnoutput	-1046798855	4	P	SQL_STORED_PROCEDURE	2026-08-27T10:22:43.327	2026-08-27T10:22:43.557
sp_new_parallel_nested_tran_id	-1045654123	4	X	EXTENDED_STORED_PROCEDURE	2026-08-27T10:21:51.090	2026-08-27T10:21:51.150
dm_os_memory_allocations	-1045383193	4	V	VIEW	2026-08-27T10:21:48.050	2026-08-27T10:21:48.053
sp_MShelp_identity_property	-1044903463	4	P	SQL_STORED_PROCEDURE	2026-08-27T10:22:37.210	2026-08-27T10:23:02.373
sp_metadata_sync_connectors_status	-1043796251	4	P	SQL_STORED_PROCEDURE	2026-08-27T10:22:12.543	2026-08-27T10:22:12.547
sp_replicationdboption	-1043755636	4	P	SQL_STORED_PROCEDURE	2026-08-27T10:22:37.257	2026-08-27T10:23:02.477
sp_create_streaming_job	-1042939601	4	P	SQL_STORED_PROCEDURE	2026-08-27T10:21:41.077	2026-08-27T10:21:41.110
sp_MScreate_sub_tables	-1042833753	4	P	SQL_STORED_PROCEDURE	2026-08-27T10:22:36.810	2026-08-27T10:22:38.600
sp_start_user_instance	-1042027333	4	X	EXTENDED_STORED_PROCEDURE	2026-08-27T10:22:01.373	2026-08-27T10:22:01.377
sp_MSresetsnapshotdeliveryprogress	-1042000603	4	P	SQL_STORED_PROCEDURE	2026-08-27T10:22:36.857	2026-08-27T10:22:38.580
sp_MSremove_mergereplcommand	-1041222755	4	P	SQL_STORED_PROCEDURE	2026-08-27T10:22:56.650	2026-08-27T10:22:56.653
dm_db_xtp_nonclustered_index_stats	-1040815568	4	V	VIEW	2026-08-27T10:23:45.420	2026-08-27T10:23:45.423
dm_server_managed_identities	-1040792876	4	V	VIEW	2026-08-27T10:21:35.263	2026-08-27T10:21:35.267
dm_db_mirroring_past_actions	-1040075447	4	V	VIEW	2026-08-27T10:21:48.197	2026-08-27T10:21:48.200
dm_xe_session_object_columns	-1039848107	4	V	VIEW	2026-08-27T10:21:48.133	2026-08-27T10:21:48.137
dm_dw_resource_manager_abort_cache	-1039520121	4	V	VIEW	2026-08-27T10:21:48.600	2026-08-27T10:21:48.603
sp_metadata_sync_connector_drop	-1039247773	4	P	SQL_STORED_PROCEDURE	2026-08-27T10:22:12.540	2026-08-27T10:22:12.543
sp_xa_commit	-1038404568	4	X	EXTENDED_STORED_PROCEDURE	2026-08-27T10:23:31.600	2026-08-27T10:23:31.603
fn_cdc_get_column_ordinal	-1037876544	4	FN	SQL_SCALAR_FUNCTION	2026-08-27T10:22:48.553	2026-08-27T10:22:48.600
sp_MSadd_repl_command	-1037786908	4	P	SQL_STORED_PROCEDURE	2026-08-27T10:22:44.767	2026-08-27T10:23:09.610
sp_MSgetagentoffloadinfo	-1037725448	4	P	SQL_STORED_PROCEDURE	2026-08-27T10:22:44.883	2026-08-27T10:22:45.590
sp_reset_inactive_duration_flag	-1037585011	4	X	EXTENDED_STORED_PROCEDURE	2026-08-27T10:21:48.677	2026-08-27T10:21:48.680
sp_MSgetconflicttablename	-1037291322	4	P	SQL_STORED_PROCEDURE	2026-08-27T10:22:52.443	2026-08-27T10:23:11.913
sp_script_reconciliation_sinsproc	-1036684941	4	P	SQL_STORED_PROCEDURE	2026-08-27T10:22:42.873	2026-08-27T10:22:43.540
sp_MSinsertgenerationschemachanges	-1036261169	4	P	SQL_STORED_PROCEDURE	2026-08-27T10:22:57.160	2026-08-27T10:22:57.163
dm_os_loaded_modules	-1035533931	4	V	VIEW	2026-08-27T10:21:48.050	2026-08-27T10:21:48.053
sp_MSgetlightweightmetadatabatch	-1034838524	4	P	SQL_STORED_PROCEDURE	2026-08-27T10:22:58.533	2026-08-27T10:22:58.537
sp_MSNonSQLDDLForSchemaDDL	-1034766719	4	P	SQL_STORED_PROCEDURE	2026-08-27T10:22:37.030	2026-08-27T10:22:38.583
sp_dw_physical_upsert	-1034474097	4	X	EXTENDED_STORED_PROCEDURE	2026-08-27T10:22:12.550	2026-08-27T10:22:12.553
dm_server_external_policy_principal_assigned_actions	-1034087164	4	V	VIEW	2026-08-27T10:21:35.113	2026-08-27T10:21:35.117
sp_auto_tuning_try_build_internal_tables	-1033854140	4	X	EXTENDED_STORED_PROCEDURE	2026-08-27T10:22:22.427	2026-08-27T10:22:22.430
sp_deserialize_dw_configuration_overrides	-1032908315	4	X	EXTENDED_STORED_PROCEDURE	2026-08-27T10:22:12.650	2026-08-27T10:22:12.653
fn_replreplacesinglequoteplusprotectstring	-1031773240	4	FN	SQL_SCALAR_FUNCTION	2026-08-27T10:22:41.827	2026-08-27T10:22:43.550
sp_dropextendedproc	-1031273767	4	P	SQL_STORED_PROCEDURE	2026-08-27T10:21:30.460	2026-08-27T10:21:30.477
sp_MSdopartialdatabasesnapshotinitiation	-1030928183	4	P	SQL_STORED_PROCEDURE	2026-08-27T10:22:43.097	2026-08-27T10:22:43.533
sp_help_fulltext_catalogs_cursor	-1030637209	4	P	SQL_STORED_PROCEDURE	2026-08-27T10:21:56.897	2026-08-27T10:21:56.950
dm_db_task_space_usage	-1030289985	4	V	VIEW	2026-08-27T10:21:47.927	2026-08-27T10:21:47.930
sp_MSadd_replcmds_mcit	-1029432435	4	P	SQL_STORED_PROCEDURE	2026-08-27T10:22:44.827	2026-08-27T10:22:45.580
sp_changemergesubscription	-1029169993	4	P	SQL_STORED_PROCEDURE	2026-08-27T10:22:54.770	2026-08-27T10:23:13.590
sp_MSgetonerow	-1028386679	4	P	SQL_STORED_PROCEDURE	2026-08-27T10:22:56.430	2026-08-27T10:22:56.433
sp_MSquerysubtype	-1027930493	4	P	SQL_STORED_PROCEDURE	2026-08-27T10:22:52.720	2026-08-27T10:22:52.723
sp_dw_refresh_ext_table	-1026908681	4	X	EXTENDED_STORED_PROCEDURE	2026-08-27T10:22:12.680	2026-08-27T10:22:12.683
sp_MSevaluate_change_membership_for_pubid	-1026336758	4	P	SQL_STORED_PROCEDURE	2026-08-27T10:22:55.050	2026-08-27T10:22:55.053
sp_shutdown_feedback_client_connection	-1026188472	4	X	EXTENDED_STORED_PROCEDURE	2026-08-27T10:22:10.773	2026-08-27T10:22:10.777
sp_set_data_processed_limit	-1026161804	4	X	EXTENDED_STORED_PROCEDURE	2026-08-27T10:22:12.553	2026-08-27T10:22:12.557
sp_MSrepl_dropdatatypemappings	-1025657285	4	P	SQL_STORED_PROCEDURE	2026-08-27T10:22:40.473	2026-08-27T10:23:00.643
sp_MSdetect_nonlogged_shutdown	-1025524726	4	P	SQL_STORED_PROCEDURE	2026-08-27T10:22:45.250	2026-08-27T10:22:45.597
sp_change_log_shipping_primary_database	-1025389407	4	P	SQL_STORED_PROCEDURE	2026-08-27T10:22:46.807	2026-08-27T10:22:46.980
sp_help_fabric_mirroring_table_groups	-1024612496	4	P	SQL_STORED_PROCEDURE	2026-08-27T10:22:51.217	2026-08-27T10:22:51.293
fn_dump_dblog	-1024577103	4	IF	SQL_INLINE_TABLE_VALUED_FUNCTION	2026-08-27T10:21:48.367	2026-08-27T10:21:48.657
sp_MSrepl_gettype_mappings	-1024093752	4	P	SQL_STORED_PROCEDURE	2026-08-27T10:22:40.333	2026-08-27T10:22:40.640
dm_db_data_pool_nodes	-1023588494	4	V	VIEW	2026-08-27T10:22:11.330	2026-08-27T10:22:11.333
sp_dw_get_databases	-1023203704	4	X	EXTENDED_STORED_PROCEDURE	2026-08-27T10:22:12.663	2026-08-27T10:22:12.667
sp_MSenum_distribution	-1023177228	4	P	SQL_STORED_PROCEDURE	2026-08-27T10:22:45.107	2026-08-27T10:23:10.027
sp_MSrepl_enumpublishertables	-1023117618	4	P	SQL_STORED_PROCEDURE	2026-08-27T10:22:40.530	2026-08-27T10:22:40.653
sp_MSsetupbelongs	-1021725379	4	P	SQL_STORED_PROCEDURE	2026-08-27T10:22:56.827	2026-08-27T10:23:15.607
dm_os_memory_objects	-1021262241	4	V	VIEW	2026-08-27T10:21:48.060	2026-08-27T10:21:48.063
sp_columns_rowset_rmt	-1021049057	4	P	SQL_STORED_PROCEDURE	2026-08-27T10:22:27.370	2026-08-27T10:22:27.373
sp_grantdbaccess	-1020842578	4	P	SQL_STORED_PROCEDURE	2026-08-27T10:21:37.430	2026-08-27T10:21:37.520
dm_external_script_resource_usage_stats	-1020652078	4	V	VIEW	2026-08-27T10:21:48.193	2026-08-27T10:21:48.197
dm_hadr_cached_replica_states	-1020174972	4	V	VIEW	2026-08-27T10:21:48.477	2026-08-27T10:21:48.480
sp_helpsort	-1019940686	4	P	SQL_STORED_PROCEDURE	2026-08-27T10:21:52.250	2026-08-27T10:21:52.253
sp_MSscriptviewproc	-1019360620	4	P	SQL_STORED_PROCEDURE	2026-08-27T10:22:57.103	2026-08-27T10:23:15.860
dm_db_storage_pools	-1019272395	4	V	VIEW	2026-08-27T10:22:11.323	2026-08-27T10:22:11.327
dm_hadr_internal_availability_replicas	-1019120554	4	V	VIEW	2026-08-27T10:21:48.490	2026-08-27T10:21:48.493
sp_distcounters	-1018746912	4	P	SQL_STORED_PROCEDURE	2026-08-27T10:22:39.943	2026-08-27T10:22:40.637
sp_MSgettrancftsrcrow	-1018733720	4	P	SQL_STORED_PROCEDURE	2026-08-27T10:22:43.027	2026-08-27T10:23:06.673
sp_MSactivatelogbasedarticleobject	-1018665623	4	P	SQL_STORED_PROCEDURE	2026-08-27T10:22:43.093	2026-08-27T10:23:06.783
sp_validate_redirected_publisher	-1018656460	4	P	SQL_STORED_PROCEDURE	2026-08-27T10:22:45.493	2026-08-27T10:22:45.610
sp_MSupdatelastsyncinfo	-1018547198	4	P	SQL_STORED_PROCEDURE	2026-08-27T10:22:38.167	2026-08-27T10:23:03.860
sp_replsqlqgetrows	-1018265987	4	P	SQL_STORED_PROCEDURE	2026-08-27T10:22:43.057	2026-08-27T10:23:06.733
sp_describe_undeclared_parameters	-1018258851	4	X	EXTENDED_STORED_PROCEDURE	2026-08-27T10:21:51.093	2026-08-27T10:21:51.153
availability_groups_cluster	-1016821558	4	V	VIEW	2026-08-27T10:21:26.850	2026-08-27T10:21:26.853
sp_MSadd_filteringcolumn	-1016290495	4	P	SQL_STORED_PROCEDURE	2026-08-27T10:22:58.613	2026-08-27T10:23:17.243
sp_MSSQLDMO90_version	-1014529717	4	P	SQL_STORED_PROCEDURE	2026-08-27T10:23:30.373	2026-08-27T10:23:30.427
sp_check_dynamic_filters	-1014496800	4	P	SQL_STORED_PROCEDURE	2026-08-27T10:22:55.063	2026-08-27T10:22:55.067
sp_MSsub_set_identity	-1014303448	4	P	SQL_STORED_PROCEDURE	2026-08-27T10:22:38.320	2026-08-27T10:22:38.603
sp_unbindefault	-1013975910	4	P	SQL_STORED_PROCEDURE	2026-08-27T10:21:40.960	2026-08-27T10:21:41.107
DOMAINS	-1013821813	3	V	VIEW	2026-08-27T10:22:29.983	2026-08-27T10:22:29.987
sp_fulltext_semantic_register_language_statistics_db	-1013762278	4	P	SQL_STORED_PROCEDURE	2026-08-27T10:21:42.347	2026-08-27T10:21:42.413
sp_flush_log	-1012895241	4	X	EXTENDED_STORED_PROCEDURE	2026-08-27T10:21:48.543	2026-08-27T10:21:48.547
sp_MSestimatemergesnapshotworkload	-1012672181	4	P	SQL_STORED_PROCEDURE	2026-08-27T10:22:38.347	2026-08-27T10:23:04.240
dm_db_internal_auto_tuning_recommendation_metrics	-1012344469	4	V	VIEW	2026-08-27T10:22:22.493	2026-08-27T10:22:22.497
dm_audit_class_type_map	-1011912861	4	V	VIEW	2026-08-27T10:21:35.140	2026-08-27T10:21:35.143
sp_startmergepushsubscription_agent	-1011807086	4	P	SQL_STORED_PROCEDURE	2026-08-27T10:22:40.620	2026-08-27T10:22:40.657
sp_delete_log_shipping_secondary_database	-1011700593	4	P	SQL_STORED_PROCEDURE	2026-08-27T10:22:46.863	2026-08-27T10:22:46.980
dm_db_xtp_hash_index_approx_stats	-1011004911	4	IF	SQL_INLINE_TABLE_VALUED_FUNCTION	2026-08-27T10:23:45.447	2026-08-27T10:23:45.450
dm_logpoolmgr_stats	-1011001471	4	IF	SQL_INLINE_TABLE_VALUED_FUNCTION	2026-08-27T10:21:48.227	2026-08-27T10:21:48.230
fn_dump_dblog_xtp	-1010912794	4	IF	SQL_INLINE_TABLE_VALUED_FUNCTION	2026-08-27T10:23:45.490	2026-08-27T10:23:45.497
sp_MSreplcheck_subscribe_withddladmin	-1010907066	4	P	SQL_STORED_PROCEDURE	2026-08-27T10:22:36.840	2026-08-27T10:22:38.600
sp_MSdroparticletombstones	-1010228660	4	P	SQL_STORED_PROCEDURE	2026-08-27T10:22:57.070	2026-08-27T10:23:15.850
sp_get_database_scoped_credential	-1009714255	4	X	EXTENDED_STORED_PROCEDURE	2026-08-27T10:22:10.780	2026-08-27T10:22:10.783
sp_auto_tuning_cleanup_index_recommendations	-1009141148	4	P	SQL_STORED_PROCEDURE	2026-08-27T10:22:22.483	2026-08-27T10:22:22.493
dm_os_schedulers	-1009023505	4	V	VIEW	2026-08-27T10:21:48.070	2026-08-27T10:21:48.073
sp_table_type_primary_keys_rowset	-1008684339	4	P	SQL_STORED_PROCEDURE	2026-08-27T10:22:27.460	2026-08-27T10:22:27.463
xp_cmdshell	-1008137134	4	X	EXTENDED_STORED_PROCEDURE	2026-08-27T10:21:52.260	2026-08-27T10:21:52.267
sp_special_columns	-1007804968	4	P	SQL_STORED_PROCEDURE	2026-08-27T10:22:27.097	2026-08-27T10:22:27.100
sp_MShelpdestowner	-1007366935	4	P	SQL_STORED_PROCEDURE	2026-08-27T10:22:52.703	2026-08-27T10:23:12.137
sp_droparticle	-1006770697	4	P	SQL_STORED_PROCEDURE	2026-08-27T10:22:42.547	2026-08-27T10:22:43.537
sp_rda_get_rpo_duration	-1006174342	4	X	EXTENDED_STORED_PROCEDURE	2026-08-27T10:22:19.237	2026-08-27T10:22:19.240
dm_os_server_diagnostics_log_configurations	-1006059056	4	V	VIEW	2026-08-27T10:21:48.257	2026-08-27T10:21:48.260
sp_MSdelsubrows	-1005724249	4	P	SQL_STORED_PROCEDURE	2026-08-27T10:22:57.087	2026-08-27T10:22:57.090
sp_MSlock_auto_sub	-1005602349	4	P	SQL_STORED_PROCEDURE	2026-08-27T10:22:45.163	2026-08-27T10:22:45.590
sp_MSget_type_wrapper	-1005338830	4	P	SQL_STORED_PROCEDURE	2026-08-27T10:22:37.500	2026-08-27T10:22:38.593
sp_xa_rollback_ex	-1005111308	4	X	EXTENDED_STORED_PROCEDURE	2026-08-27T10:23:31.603	2026-08-27T10:23:31.607
dm_hadr_instance_node_map	-1003894161	4	V	VIEW	2026-08-27T10:21:48.503	2026-08-27T10:21:48.507
sp_check_constbytable_rowset2	-1003789298	4	P	SQL_STORED_PROCEDURE	2026-08-27T10:22:27.510	2026-08-27T10:22:27.513
sp_MSrepl_subscription_rowset	-1002621381	4	P	SQL_STORED_PROCEDURE	2026-08-27T10:22:45.473	2026-08-27T10:23:10.640
sp_predict_next_activity	-1002228746	4	P	SQL_STORED_PROCEDURE	2026-08-27T10:21:48.793	2026-08-27T10:21:48.797
sp_MSenumgenerations	-1001675784	4	P	SQL_STORED_PROCEDURE	2026-08-27T10:22:56.487	2026-08-27T10:22:56.490
sp_helptracertokenhistory	-1001669574	4	P	SQL_STORED_PROCEDURE	2026-08-27T10:22:43.107	2026-08-27T10:22:43.550
sp_MShelpconflictpublications	-1001437644	4	P	SQL_STORED_PROCEDURE	2026-08-27T10:22:40.340	2026-08-27T10:23:00.400
sp_setnetname	-1001413376	4	P	SQL_STORED_PROCEDURE	2026-08-27T10:22:02.503	2026-08-27T10:22:02.523
dm_io_cluster_valid_path_names	-1000261946	4	V	VIEW	2026-08-27T10:21:48.243	2026-08-27T10:21:48.247
sp_dsninfo	-999861089	4	P	SQL_STORED_PROCEDURE	2026-08-27T10:22:39.960	2026-08-27T10:22:59.943
dm_os_dispatcher_pools	-999657598	4	V	VIEW	2026-08-27T10:21:48.100	2026-08-27T10:21:48.103
xp_get_tape_devices	-999111184	4	X	EXTENDED_STORED_PROCEDURE	2026-08-27T10:23:28.977	2026-08-27T10:23:29.037
sp_bindefault	-999020156	4	P	SQL_STORED_PROCEDURE	2026-08-27T10:21:40.940	2026-08-27T10:21:41.107
fn_sqlagent_job_history	-998585937	4	TF	SQL_TABLE_VALUED_FUNCTION	2026-08-27T10:22:32.710	2026-08-27T10:22:32.713
sp_fulltext_database	-998497411	4	P	SQL_STORED_PROCEDURE	2026-08-27T10:21:42.320	2026-08-27T10:21:42.410
sp_dbmmonitoraddmonitoring	-997723622	4	P	SQL_STORED_PROCEDURE	2026-08-27T10:21:48.400	2026-08-27T10:21:48.663
sp_MSenumcolumnslightweight	-996342540	4	P	SQL_STORED_PROCEDURE	2026-08-27T10:22:58.587	2026-08-27T10:22:58.590
dm_xtp_transaction_stats	-995830047	4	V	VIEW	2026-08-27T10:23:45.390	2026-08-27T10:23:45.393
sp_dw_detach_database	-995828807	4	X	EXTENDED_STORED_PROCEDURE	2026-08-27T10:22:12.613	2026-08-27T10:22:12.617
sp_dropdatatypemapping	-994532661	4	P	SQL_STORED_PROCEDURE	2026-08-27T10:22:40.463	2026-08-27T10:22:40.650
dm_exec_query_profiles	-994514904	4	V	VIEW	2026-08-27T10:21:48.003	2026-08-27T10:21:48.007
sp_MSindexspace	-994473199	4	P	SQL_STORED_PROCEDURE	2026-08-27T10:23:30.290	2026-08-27T10:23:30.420
sp_procedure_params_100_managed	-993881286	4	P	SQL_STORED_PROCEDURE	2026-08-27T10:22:28.843	2026-08-27T10:22:28.847
sp_MSactivate_auto_sub	-993696157	4	P	SQL_STORED_PROCEDURE	2026-08-27T10:22:42.607	2026-08-27T10:23:06.253
sp_MSfixlineageversions	-993562423	4	P	SQL_STORED_PROCEDURE	2026-08-27T10:22:52.577	2026-08-27T10:23:12.093
sp_addscriptexec	-993471569	4	P	SQL_STORED_PROCEDURE	2026-08-27T10:22:38.380	2026-08-27T10:22:38.607
sp_provider_types_rowset	-993327455	4	P	SQL_STORED_PROCEDURE	2026-08-27T10:22:27.650	2026-08-27T10:22:27.653
sp_repl_generate_subscriber_event	-992632644	4	X	EXTENDED_STORED_PROCEDURE	2026-08-27T10:22:38.570	2026-08-27T10:22:38.610
sp_check_trace_enabled_globally	-992432362	4	P	SQL_STORED_PROCEDURE	2026-08-27T10:22:37.380	2026-08-27T10:22:38.590
sp_MSremoveoffloadparameter	-992246256	4	P	SQL_STORED_PROCEDURE	2026-08-27T10:22:37.310	2026-08-27T10:22:38.610
sp_IHXactSetJob	-992023206	4	P	SQL_STORED_PROCEDURE	2026-08-27T10:22:43.167	2026-08-27T10:22:43.553
sp_help_change_event_stream	-991752146	4	P	SQL_STORED_PROCEDURE	2026-08-27T10:23:33.927	2026-08-27T10:23:33.977
sp_resyncexecutesql	-991531314	4	X	EXTENDED_STORED_PROCEDURE	2026-08-27T10:21:51.093	2026-08-27T10:21:51.153
dm_os_threads	-990054276	4	V	VIEW	2026-08-27T10:21:48.080	2026-08-27T10:21:48.083
sp_get_dw_configuration_override	-989711396	4	X	EXTENDED_STORED_PROCEDURE	2026-08-27T10:22:12.647	2026-08-27T10:22:12.650
sp_MScreate_all_article_repl_views	-989554823	4	P	SQL_STORED_PROCEDURE	2026-08-27T10:22:55.150	2026-08-27T10:22:55.153
sp_cdc_enable_db	-988681906	4	P	SQL_STORED_PROCEDURE	2026-08-27T10:22:48.360	2026-08-27T10:22:48.593
sp_MSstopmerge_agent	-988191373	4	P	SQL_STORED_PROCEDURE	2026-08-27T10:22:45.467	2026-08-27T10:22:45.610
SCHEMATA	-987659372	3	V	VIEW	2026-08-27T10:22:29.943	2026-08-27T10:22:29.947
dm_database_external_policy_principals	-987159652	4	V	VIEW	2026-08-27T10:21:47.913	2026-08-27T10:21:47.917
fn_GetCurrentPrincipal	-986367695	4	FN	SQL_SCALAR_FUNCTION	2026-08-27T10:22:36.643	2026-08-27T10:22:38.610
ROUTINE_COLUMNS	-986174672	3	V	VIEW	2026-08-27T10:22:30.033	2026-08-27T10:22:30.037
sp_changedistributiondb	-986122564	4	P	SQL_STORED_PROCEDURE	2026-08-27T10:22:40.130	2026-08-27T10:23:00.067
sp_MSacquiresnapshotdeliverysessionlock	-985925458	4	P	SQL_STORED_PROCEDURE	2026-08-27T10:22:36.863	2026-08-27T10:22:38.580
sp_addpublication_snapshot	-985412685	4	P	SQL_STORED_PROCEDURE	2026-08-27T10:22:39.853	2026-08-27T10:22:40.633
sp_SetOBDCertificate	-985373354	4	X	EXTENDED_STORED_PROCEDURE	2026-08-27T10:21:35.253	2026-08-27T10:21:35.257
dm_db_objects_disabled_on_compatibility_level_change	-984681752	4	IF	SQL_INLINE_TABLE_VALUED_FUNCTION	2026-08-27T10:21:50.967	2026-08-27T10:21:50.973
sp_MSvalidatearticle	-984241035	4	P	SQL_STORED_PROCEDURE	2026-08-27T10:22:57.063	2026-08-27T10:23:15.840
sp_filestream_recalculate_container_size	-983997574	4	P	SQL_STORED_PROCEDURE	2026-08-27T10:22:00.217	2026-08-27T10:22:00.220
sp_MSscriptcustomupdproc	-983966443	4	P	SQL_STORED_PROCEDURE	2026-08-27T10:22:42.900	2026-08-27T10:22:43.550
sp_rda_deauthorize_db	-983661087	4	X	EXTENDED_STORED_PROCEDURE	2026-08-27T10:22:19.220	2026-08-27T10:22:19.223
sp_MShelp_distdb	-983011709	4	P	SQL_STORED_PROCEDURE	2026-08-27T10:22:40.253	2026-08-27T10:23:00.210
sp_dbmmonitordropmonitoring	-982966875	4	P	SQL_STORED_PROCEDURE	2026-08-27T10:21:48.403	2026-08-27T10:21:48.663
sp_MShelpsnapshot_agent	-982636357	4	P	SQL_STORED_PROCEDURE	2026-08-27T10:22:45.450	2026-08-27T10:23:10.620
sp_MSupdatepeerlsn	-982620125	4	P	SQL_STORED_PROCEDURE	2026-08-27T10:22:43.297	2026-08-27T10:22:43.557
sp_MSgetdynsnapvalidationtoken	-982169661	4	P	SQL_STORED_PROCEDURE	2026-08-27T10:22:57.197	2026-08-27T10:23:15.940
sp_MSenumcolumns	-980854298	4	P	SQL_STORED_PROCEDURE	2026-08-27T10:22:37.183	2026-08-27T10:22:38.583
dm_exec_requests	-979629760	4	V	VIEW	2026-08-27T10:21:47.980	2026-08-27T10:21:47.983
sp_MSprep_exclusive	-978110975	4	P	SQL_STORED_PROCEDURE	2026-08-27T10:22:43.087	2026-08-27T10:22:43.547
sp_catalogs_rowset	-978033800	4	P	SQL_STORED_PROCEDURE	2026-08-27T10:22:27.250	2026-08-27T10:22:27.260
sp_MScleanup_subscription_distside_entry	-977782787	4	P	SQL_STORED_PROCEDURE	2026-08-27T10:22:45.480	2026-08-27T10:22:45.610
fn_isrolemember	-977642094	4	FN	SQL_SCALAR_FUNCTION	2026-08-27T10:22:37.167	2026-08-27T10:23:02.287
sp_MSget_dynamic_snapshot_location	-977044126	4	P	SQL_STORED_PROCEDURE	2026-08-27T10:22:55.130	2026-08-27T10:22:55.133
dm_pal_processes	-976527627	4	V	VIEW	2026-08-27T10:21:48.110	2026-08-27T10:21:48.113
sp_changedynamicsnapshot_job	-975904004	4	P	SQL_STORED_PROCEDURE	2026-08-27T10:22:54.987	2026-08-27T10:23:13.907
sp_MSestimatesnapshotworkload	-974621722	4	P	SQL_STORED_PROCEDURE	2026-08-27T10:22:38.357	2026-08-27T10:23:04.253
sp_add_log_shipping_secondary_database	-972843467	4	P	SQL_STORED_PROCEDURE	2026-08-27T10:22:46.857	2026-08-27T10:22:46.980
sp_help_peerconflictdetection	-972816257	4	P	SQL_STORED_PROCEDURE	2026-08-27T10:22:43.503	2026-08-27T10:22:43.560
sp_get_min_xdes	-972380887	4	X	EXTENDED_STORED_PROCEDURE	2026-08-27T10:22:12.623	2026-08-27T10:22:12.627
sp_help_spatial_geometry_index	-972380873	4	P	SQL_STORED_PROCEDURE	2026-08-27T10:22:08.597	2026-08-27T10:22:08.600
sp_generate_agent_parameter	-972056788	4	P	SQL_STORED_PROCEDURE	2026-08-27T10:22:39.807	2026-08-27T10:22:40.643
dm_fts_parser	-970703799	4	IF	SQL_INLINE_TABLE_VALUED_FUNCTION	2026-08-27T10:21:42.370	2026-08-27T10:21:42.410
sp_MSSQLDMO70_version	-970624897	4	P	SQL_STORED_PROCEDURE	2026-08-27T10:23:30.373	2026-08-27T10:23:30.430
sp_changearticlecolumndatatype	-970591485	4	P	SQL_STORED_PROCEDURE	2026-08-27T10:22:42.173	2026-08-27T10:22:43.533
sp_start_glm_server	-970381654	4	X	EXTENDED_STORED_PROCEDURE	2026-08-27T10:21:48.690	2026-08-27T10:21:48.693
sp_cleanup_all_openrowset_statistics	-970319275	4	X	EXTENDED_STORED_PROCEDURE	2026-08-27T10:22:12.517	2026-08-27T10:22:12.520
sp_foreign_keys_rowset3	-969909491	4	P	SQL_STORED_PROCEDURE	2026-08-27T10:22:27.393	2026-08-27T10:22:27.397
dm_tran_commit_table	-969682500	4	V	VIEW	2026-08-27T10:21:48.263	2026-08-27T10:21:48.267
dm_exec_query_parallel_workers	-968843074	4	V	VIEW	2026-08-27T10:21:48.017	2026-08-27T10:21:48.020
dm_cryptographic_provider_keys	-968697804	4	IF	SQL_INLINE_TABLE_VALUED_FUNCTION	2026-08-27T10:21:35.223	2026-08-27T10:21:35.227
dm_fts_outstanding_batches	-968503520	4	V	VIEW	2026-08-27T10:21:42.267	2026-08-27T10:21:42.270
sp_linkedservers_rowset	-968069831	4	P	SQL_STORED_PROCEDURE	2026-08-27T10:22:27.580	2026-08-27T10:22:27.587
sp_server_diagnostics	-967464903	4	X	EXTENDED_STORED_PROCEDURE	2026-08-27T10:21:48.540	2026-08-27T10:21:48.543
sp_reinitpullsubscription	-966398499	4	P	SQL_STORED_PROCEDURE	2026-08-27T10:22:38.173	2026-08-27T10:22:38.590
sp_MSenumchangesdirect	-966274301	4	P	SQL_STORED_PROCEDURE	2026-08-27T10:22:56.540	2026-08-27T10:22:56.543
fn_MSxe_read_event_stream	-966223978	4	IF	SQL_INLINE_TABLE_VALUED_FUNCTION	2026-08-27T10:21:48.140	2026-08-27T10:21:48.143
sp_scriptxdelproc	-964984315	4	P	SQL_STORED_PROCEDURE	2026-08-27T10:22:42.910	2026-08-27T10:22:43.540
sp_MSreset_queued_reinit	-964658649	4	P	SQL_STORED_PROCEDURE	2026-08-27T10:22:38.163	2026-08-27T10:23:03.833
sp_user_counter10	-964496125	4	P	SQL_STORED_PROCEDURE	2026-08-27T10:21:48.353	2026-08-27T10:21:48.657
sp_reinitmergesubscription	-964300994	4	P	SQL_STORED_PROCEDURE	2026-08-27T10:22:54.653	2026-08-27T10:22:54.657
sp_enable_heterogeneous_subscription	-964124333	4	P	SQL_STORED_PROCEDURE	2026-08-27T10:22:42.110	2026-08-27T10:22:43.533
sp_OAGetProperty	-963565830	4	X	EXTENDED_STORED_PROCEDURE	2026-08-27T10:23:24.563	2026-08-27T10:23:24.570
dm_db_missing_index_columns	-963369315	4	IF	SQL_INLINE_TABLE_VALUED_FUNCTION	2026-08-27T10:21:46.820	2026-08-27T10:21:46.823
dm_external_authentication	-962981750	4	V	VIEW	2026-08-27T10:21:35.100	2026-08-27T10:21:35.103
sp_MSFixSubColumnBitmaps	-961639148	4	P	SQL_STORED_PROCEDURE	2026-08-27T10:22:52.790	2026-08-27T10:22:52.793
sp_dropmergepartition	-961391974	4	P	SQL_STORED_PROCEDURE	2026-08-27T10:22:55.010	2026-08-27T10:22:55.013
sp_MSrepl_mergeagentstatussummary	-960012608	4	P	SQL_STORED_PROCEDURE	2026-08-27T10:22:40.430	2026-08-27T10:23:00.620
sp_MShelp_subscription	-959324759	4	P	SQL_STORED_PROCEDURE	2026-08-27T10:22:45.190	2026-08-27T10:23:10.137
dm_exec_query_optimizer_memory_gateways	-959262707	4	V	VIEW	2026-08-27T10:21:48.020	2026-08-27T10:21:48.023
sp_table_types	-959094333	4	P	SQL_STORED_PROCEDURE	2026-08-27T10:22:27.210	2026-08-27T10:22:27.213
sp_fido_setup_endpoints	-958748393	4	X	EXTENDED_STORED_PROCEDURE	2026-08-27T10:21:48.687	2026-08-27T10:21:48.690
sp_MSsetcontext_bypasswholeddleventbit	-958372937	4	P	SQL_STORED_PROCEDURE	2026-08-27T10:22:38.390	2026-08-27T10:22:38.590
dm_repl_tranhash	-958234993	4	V	VIEW	2026-08-27T10:22:43.423	2026-08-27T10:22:43.563
sp_start_flight_server	-957958329	4	X	EXTENDED_STORED_PROCEDURE	2026-08-27T10:22:24.633	2026-08-27T10:22:24.637
sp_helparticle	-957865496	4	P	SQL_STORED_PROCEDURE	2026-08-27T10:22:42.117	2026-08-27T10:22:43.533
sp_MScheck_tran_retention	-957701186	4	P	SQL_STORED_PROCEDURE	2026-08-27T10:22:45.263	2026-08-27T10:22:45.597
sp_MSmerge_is_snapshot_required	-957463156	4	P	SQL_STORED_PROCEDURE	2026-08-27T10:22:36.933	2026-08-27T10:23:02.010
sp_srvrolepermission	-957338681	4	P	SQL_STORED_PROCEDURE	2026-08-27T10:21:35.203	2026-08-27T10:21:35.227
sp_MSmakeupdateproc	-956732132	4	P	SQL_STORED_PROCEDURE	2026-08-27T10:22:56.973	2026-08-27T10:23:15.757
sp_MSadd_publication	-956560191	4	P	SQL_STORED_PROCEDURE	2026-08-27T10:22:45.037	2026-08-27T10:23:09.923
sp_configure_automatic_tuning	-956012100	4	X	EXTENDED_STORED_PROCEDURE	2026-08-27T10:22:22.420	2026-08-27T10:22:22.423
sp_upgrade_vdw_configuration_parameters	-955498376	4	X	EXTENDED_STORED_PROCEDURE	2026-08-27T10:22:12.577	2026-08-27T10:22:12.580
sp_fido_get_CS_rowset_row_count	-955186463	4	X	EXTENDED_STORED_PROCEDURE	2026-08-27T10:21:48.707	2026-08-27T10:21:48.710
sp_fulltext_recycle_crawl_log	-955164233	4	P	SQL_STORED_PROCEDURE	2026-08-27T10:21:42.350	2026-08-27T10:21:42.410
sp_generatefilters	-955056569	4	P	SQL_STORED_PROCEDURE	2026-08-27T10:22:54.897	2026-08-27T10:23:13.767
sp_prepare	-954433342	4	X	EXTENDED_STORED_PROCEDURE	2026-08-27T10:21:51.090	2026-08-27T10:21:51.150
dm_database_backups	-953611422	4	V	VIEW	2026-08-27T10:21:48.767	2026-08-27T10:21:48.770
sp_prepexecrpc	-951524083	4	X	EXTENDED_STORED_PROCEDURE	2026-08-27T10:21:51.090	2026-08-27T10:21:51.150
sp_MSupdate_subscriber_schedule	-951112128	4	P	SQL_STORED_PROCEDURE	2026-08-27T10:22:44.980	2026-08-27T10:22:45.583
dm_hadr_cluster	-951091328	4	V	VIEW	2026-08-27T10:21:48.520	2026-08-27T10:21:48.523
sp_setuserbylogin	-950783556	4	X	EXTENDED_STORED_PROCEDURE	2026-08-27T10:21:52.260	2026-08-27T10:21:52.263
sp_refresh_log_shipping_monitor	-950627968	4	P	SQL_STORED_PROCEDURE	2026-08-27T10:22:46.927	2026-08-27T10:23:18.457
sp_MSmakeinsertproc	-950382905	4	P	SQL_STORED_PROCEDURE	2026-08-27T10:22:56.920	2026-08-27T10:23:15.733
dm_qn_subscriptions	-948333171	4	V	VIEW	2026-08-27T10:21:46.793	2026-08-27T10:21:46.797
sp_MSupdate_tracer_history	-948181025	4	P	SQL_STORED_PROCEDURE	2026-08-27T10:22:45.330	2026-08-27T10:22:45.600
sp_fulltext_catalog	-948050700	4	P	SQL_STORED_PROCEDURE	2026-08-27T10:21:42.330	2026-08-27T10:21:42.410
sp_OACreate	-947735043	4	X	EXTENDED_STORED_PROCEDURE	2026-08-27T10:23:24.553	2026-08-27T10:23:24.570
fn_virtualservernodes	-947370682	4	TF	SQL_TABLE_VALUED_FUNCTION	2026-08-27T10:21:48.250	2026-08-27T10:21:48.253
sp_addlinkedsrvlogin	-946112541	4	P	SQL_STORED_PROCEDURE	2026-08-27T10:22:02.517	2026-08-27T10:22:02.527
sp_MSGetServerProperties	-946004298	4	P	SQL_STORED_PROCEDURE	2026-08-27T10:23:30.407	2026-08-27T10:23:30.433
sp_helpntgroup	-945991693	4	P	SQL_STORED_PROCEDURE	2026-08-27T10:21:35.220	2026-08-27T10:21:35.230
sp_check_constbytable_rowset	-945787542	4	P	SQL_STORED_PROCEDURE	2026-08-27T10:22:27.507	2026-08-27T10:22:27.513
sp_replmonitorhelpsubscription	-945270444	4	P	SQL_STORED_PROCEDURE	2026-08-27T10:22:45.383	2026-08-27T10:23:10.467
sp_MSrepl_raiserror	-944718927	4	P	SQL_STORED_PROCEDURE	2026-08-27T10:22:45.040	2026-08-27T10:22:45.590
fn_xe_file_target_read_file	-944605812	4	IF	SQL_INLINE_TABLE_VALUED_FUNCTION	2026-08-27T10:21:48.137	2026-08-27T10:21:48.140
sp_fido_indexstore_update_topology	-944502325	4	X	EXTENDED_STORED_PROCEDURE	2026-08-27T10:22:10.793	2026-08-27T10:22:10.797
sp_MSgetmetadatabatch90new	-944098142	4	P	SQL_STORED_PROCEDURE	2026-08-27T10:22:56.577	2026-08-27T10:22:56.580
sp_help_spatial_geometry_histogram	-944044140	4	P	SQL_STORED_PROCEDURE	2026-08-27T10:22:08.617	2026-08-27T10:22:08.627
sp_add_log_file_recover_suspect_db	-943997115	4	P	SQL_STORED_PROCEDURE	2026-08-27T10:21:39.747	2026-08-27T10:21:39.770
xp_instance_regdeletevalue	-943334546	4	X	EXTENDED_STORED_PROCEDURE	2026-08-27T10:23:28.970	2026-08-27T10:23:29.040
sp_cslr_upsert_entry	-943285502	4	X	EXTENDED_STORED_PROCEDURE	2026-08-27T10:21:48.787	2026-08-27T10:21:48.790
sp_MSenum_qreader_s	-942913619	4	P	SQL_STORED_PROCEDURE	2026-08-27T10:22:45.100	2026-08-27T10:22:45.587
sp_MSgetlastupdatedtime	-942892441	4	P	SQL_STORED_PROCEDURE	2026-08-27T10:22:36.917	2026-08-27T10:22:38.607
sp_MStablerefs	-942821247	4	P	SQL_STORED_PROCEDURE	2026-08-27T10:23:30.300	2026-08-27T10:23:30.420
sp_xa_prepare	-942326597	4	X	EXTENDED_STORED_PROCEDURE	2026-08-27T10:23:31.597	2026-08-27T10:23:31.600
sp_MSgetdatametadatabatch	-942174693	4	P	SQL_STORED_PROCEDURE	2026-08-27T10:22:57.210	2026-08-27T10:22:57.213
sp_MSgetmergeadminapplock	-942121329	4	P	SQL_STORED_PROCEDURE	2026-08-27T10:22:55.143	2026-08-27T10:22:55.147
sp_databases	-938910433	4	P	SQL_STORED_PROCEDURE	2026-08-27T10:22:27.050	2026-08-27T10:22:27.053
sp_table_type_columns_100	-937422225	4	P	SQL_STORED_PROCEDURE	2026-08-27T10:22:27.003	2026-08-27T10:22:27.007
dm_external_policy_excluded_role_members	-937198115	4	V	VIEW	2026-08-27T10:21:35.123	2026-08-27T10:21:35.127
sp_MSrepl_getpkfkrelation	-936867374	4	P	SQL_STORED_PROCEDURE	2026-08-27T10:22:54.863	2026-08-27T10:23:13.713
sp_adddynamicsnapshot_job	-936500527	4	P	SQL_STORED_PROCEDURE	2026-08-27T10:22:54.960	2026-08-27T10:22:54.963
sp_MSenable_publication_for_het_sub	-936126434	4	P	SQL_STORED_PROCEDURE	2026-08-27T10:22:45.180	2026-08-27T10:22:45.577
sp_xml_schema_rowset2	-935463900	4	P	SQL_STORED_PROCEDURE	2026-08-27T10:22:27.720	2026-08-27T10:22:27.723
sp_MSreinit_failed_subscriptions	-935099750	4	P	SQL_STORED_PROCEDURE	2026-08-27T10:22:40.330	2026-08-27T10:22:40.633
sp_droptype	-933567912	4	P	SQL_STORED_PROCEDURE	2026-08-27T10:21:38.617	2026-08-27T10:21:38.620
sp_helpmergepartition	-933318385	4	P	SQL_STORED_PROCEDURE	2026-08-27T10:22:55.013	2026-08-27T10:23:13.967
sp_sqlagent_verify_database_context	-933016739	4	P	SQL_STORED_PROCEDURE	2026-08-27T10:22:32.627	2026-08-27T10:22:32.633
sp_MSget_repl_error	-933012658	4	P	SQL_STORED_PROCEDURE	2026-08-27T10:22:45.160	2026-08-27T10:22:45.590
sp_replgetparsedddlcmd	-932869526	4	P	SQL_STORED_PROCEDURE	2026-08-27T10:22:40.370	2026-08-27T10:22:40.633
sp_MSagent_stethoscope	-932778957	4	P	SQL_STORED_PROCEDURE	2026-08-27T10:22:45.240	2026-08-27T10:23:10.240
dm_tran_persistent_version_store_stats	-932389805	4	V	VIEW	2026-08-27T10:21:48.617	2026-08-27T10:21:48.620
sp_AddFunctionalUnitToComponent	-930856263	4	X	EXTENDED_STORED_PROCEDURE	2026-08-27T10:21:35.253	2026-08-27T10:21:35.257
sp_help_agent_default	-930237674	4	P	SQL_STORED_PROCEDURE	2026-08-27T10:22:40.243	2026-08-27T10:23:00.200
fn_MSdayasnumber	-929297756	4	FN	SQL_SCALAR_FUNCTION	2026-08-27T10:22:58.450	2026-08-27T10:22:58.453
fn_MSget_dynamic_filter_login	-928826610	4	FN	SQL_SCALAR_FUNCTION	2026-08-27T10:22:57.177	2026-08-27T10:22:57.180
sp_helpdistpublisher	-928747016	4	P	SQL_STORED_PROCEDURE	2026-08-27T10:22:40.237	2026-08-27T10:23:00.177
sp_table_validation	-928054405	4	P	SQL_STORED_PROCEDURE	2026-08-27T10:22:37.683	2026-08-27T10:22:38.600
sp_scriptxupdproc	-927992695	4	P	SQL_STORED_PROCEDURE	2026-08-27T10:22:42.947	2026-08-27T10:22:43.540
sp_MSupdatereplicastate	-927350858	4	P	SQL_STORED_PROCEDURE	2026-08-27T10:22:56.450	2026-08-27T10:22:56.453
sp_xtp_bind_db_resource_pool	-926998626	4	P	SQL_STORED_PROCEDURE	2026-08-27T10:23:45.590	2026-08-27T10:23:45.593
sp_tables_rowset_rmt	-926793034	4	P	SQL_STORED_PROCEDURE	2026-08-27T10:22:27.477	2026-08-27T10:22:27.480
sp_fido_tran_abort	-926396397	4	X	EXTENDED_STORED_PROCEDURE	2026-08-27T10:21:48.680	2026-08-27T10:21:48.683
sp_MSset_new_identity_range	-924934239	4	P	SQL_STORED_PROCEDURE	2026-08-27T10:22:57.267	2026-08-27T10:23:16.003
sp_MSadd_snapshot_history	-924703092	4	P	SQL_STORED_PROCEDURE	2026-08-27T10:22:45.050	2026-08-27T10:23:09.943
dm_db_session_space_usage	-922655422	4	V	VIEW	2026-08-27T10:21:47.930	2026-08-27T10:21:47.933
sp_copysnapshot	-922625366	4	P	SQL_STORED_PROCEDURE	2026-08-27T10:22:38.210	2026-08-27T10:22:38.593
sp_addsubscription	-922551718	4	P	SQL_STORED_PROCEDURE	2026-08-27T10:22:42.450	2026-08-27T10:22:43.537
fn_replvarbintoint	-922305970	4	FN	SQL_SCALAR_FUNCTION	2026-08-27T10:22:43.520	2026-08-27T10:22:43.560
availability_read_only_routing_lists	-921856217	4	V	VIEW	2026-08-27T10:21:27.170	2026-08-27T10:21:27.173
dm_xtp_gc_stats	-921329122	4	V	VIEW	2026-08-27T10:23:45.397	2026-08-27T10:23:45.400
sp_dw_workspace_state	-921280365	4	X	EXTENDED_STORED_PROCEDURE	2026-08-27T10:22:12.620	2026-08-27T10:22:12.623
sp_enable_change_event_stream	-921041359	4	P	SQL_STORED_PROCEDURE	2026-08-27T10:23:33.847	2026-08-27T10:23:33.973
fn_sqlagent_jobsteps_logs	-921000736	4	TF	SQL_TABLE_VALUED_FUNCTION	2026-08-27T10:22:32.713	2026-08-27T10:22:32.717
sp_MSreleaseSlotLock	-919711321	4	P	SQL_STORED_PROCEDURE	2026-08-27T10:22:38.190	2026-08-27T10:22:38.590
sp_disable_change_event_stream	-917554076	4	P	SQL_STORED_PROCEDURE	2026-08-27T10:23:33.913	2026-08-27T10:23:33.973
sp_getsqlqueueversion	-917238056	4	P	SQL_STORED_PROCEDURE	2026-08-27T10:22:43.287	2026-08-27T10:23:07.053
dm_exec_query_optimizer_info	-917213099	4	V	VIEW	2026-08-27T10:21:46.783	2026-08-27T10:21:46.790
sp_invoke_external_rest_endpoint	-917106218	4	P	SQL_STORED_PROCEDURE	2026-08-27T10:21:51.143	2026-08-27T10:21:51.147
dm_xe_map_values	-917034300	4	V	VIEW	2026-08-27T10:21:48.133	2026-08-27T10:21:48.137
sp_MSrepl_monitor_job_at_failover	-916342796	4	P	SQL_STORED_PROCEDURE	2026-08-27T10:22:45.570	2026-08-27T10:23:10.767
sp_MSdropfkreferencingarticle	-916229772	4	P	SQL_STORED_PROCEDURE	2026-08-27T10:22:38.380	2026-08-27T10:23:04.283
sp_MShelpobjectpublications	-916090897	4	P	SQL_STORED_PROCEDURE	2026-08-27T10:22:39.880	2026-08-27T10:22:59.773
sp_scriptvupdproc	-915965099	4	P	SQL_STORED_PROCEDURE	2026-08-27T10:22:42.943	2026-08-27T10:22:43.540
sp_MSsetup_identity_range	-915862410	4	P	SQL_STORED_PROCEDURE	2026-08-27T10:22:57.250	2026-08-27T10:22:57.253
sp_fido_glms_execute_command	-915710692	4	X	EXTENDED_STORED_PROCEDURE	2026-08-27T10:21:48.710	2026-08-27T10:21:48.713
sp_publish_database_to_syms	-915555018	4	X	EXTENDED_STORED_PROCEDURE	2026-08-27T10:22:12.587	2026-08-27T10:22:12.590
sp_MSrepl_distributionagentstatussummary	-915283474	4	P	SQL_STORED_PROCEDURE	2026-08-27T10:22:40.427	2026-08-27T10:23:00.600
sp_update_logical_pause_deactivation_params	-914886787	4	X	EXTENDED_STORED_PROCEDURE	2026-08-27T10:21:48.677	2026-08-27T10:21:48.680
sp_MSadd_log_shipping_history_detail	-914708501	4	P	SQL_STORED_PROCEDURE	2026-08-27T10:22:46.883	2026-08-27T10:22:46.983
dm_db_log_stats	-914610379	4	IF	SQL_INLINE_TABLE_VALUED_FUNCTION	2026-08-27T10:21:47.940	2026-08-27T10:21:47.943
sp_MSadd_tracer_history	-914497869	4	P	SQL_STORED_PROCEDURE	2026-08-27T10:22:45.327	2026-08-27T10:22:45.600
dm_db_xtp_undeploy_status	-913559984	4	V	VIEW	2026-08-27T10:23:45.440	2026-08-27T10:23:45.443
sp_table_statistics2_rowset	-912973747	4	P	SQL_STORED_PROCEDURE	2026-08-27T10:22:27.590	2026-08-27T10:22:27.593
sp_MSget_partitionid_eval_proc	-911535625	4	P	SQL_STORED_PROCEDURE	2026-08-27T10:22:55.017	2026-08-27T10:22:55.020
sp_MSkilldb	-911224733	4	P	SQL_STORED_PROCEDURE	2026-08-27T10:23:30.357	2026-08-27T10:23:30.427
sp_MSpeerapplytopologyinfo	-911016661	4	P	SQL_STORED_PROCEDURE	2026-08-27T10:22:43.340	2026-08-27T10:22:43.560
sp_peerconflictdetection_tableaug	-910812266	4	P	SQL_STORED_PROCEDURE	2026-08-27T10:22:43.497	2026-08-27T10:22:43.560
sp_table_constraints_rowset2	-910421092	4	P	SQL_STORED_PROCEDURE	2026-08-27T10:22:27.570	2026-08-27T10:22:27.573
sp_drop_change_event_stream_group	-910110469	4	P	SQL_STORED_PROCEDURE	2026-08-27T10:23:33.897	2026-08-27T10:23:33.977
sp_db_ebcdic277_2	-909318379	4	P	SQL_STORED_PROCEDURE	2026-08-27T10:21:48.570	2026-08-27T10:21:48.667
sp_MSvalidate_dest_recgen	-909209322	4	P	SQL_STORED_PROCEDURE	2026-08-27T10:22:57.227	2026-08-27T10:22:57.230
dm_db_xtp_index_stats	-908838470	4	V	VIEW	2026-08-27T10:23:45.413	2026-08-27T10:23:45.417
sp_xa_forget	-908522111	4	X	EXTENDED_STORED_PROCEDURE	2026-08-27T10:23:31.603	2026-08-27T10:23:31.607
sp_processlogshippingmonitorprimary	-907891019	4	P	SQL_STORED_PROCEDURE	2026-08-27T10:22:46.800	2026-08-27T10:22:46.980
sp_xtp_set_memory_quota	-907816827	4	P	SQL_STORED_PROCEDURE	2026-08-27T10:23:45.543	2026-08-27T10:23:45.547
dm_hadr_ag_threads	-907697257	4	V	VIEW	2026-08-27T10:21:48.207	2026-08-27T10:21:48.210
sp_user_counter9	-907620242	4	P	SQL_STORED_PROCEDURE	2026-08-27T10:21:48.350	2026-08-27T10:21:48.657
sp_MSSharedFixedDisk	-907069793	4	P	SQL_STORED_PROCEDURE	2026-08-27T10:23:30.410	2026-08-27T10:23:30.433
sp_helpsrvrole	-906683713	4	P	SQL_STORED_PROCEDURE	2026-08-27T10:21:35.183	2026-08-27T10:21:35.227
sp_MSchange_distribution_agent_properties	-906313490	4	P	SQL_STORED_PROCEDURE	2026-08-27T10:22:45.363	2026-08-27T10:23:10.447
sp_helpserver	-905719604	4	P	SQL_STORED_PROCEDURE	2026-08-27T10:21:54.633	2026-08-27T10:21:54.653
dm_tran_top_version_generators	-905518681	4	V	VIEW	2026-08-27T10:21:48.220	2026-08-27T10:21:48.223
sp_repltrans	-905153401	4	X	EXTENDED_STORED_PROCEDURE	2026-08-27T10:22:38.557	2026-08-27T10:22:38.610
fn_trace_getinfo	-905021835	4	TF	SQL_TABLE_VALUED_FUNCTION	2026-08-27T10:21:59.117	2026-08-27T10:21:59.120
sp_MSgetisvalidwindowsloginfromdistributor	-904610653	4	P	SQL_STORED_PROCEDURE	2026-08-27T10:22:39.773	2026-08-27T10:22:40.653
sp_MScleanupdynamicsnapshotfolder	-904348324	4	P	SQL_STORED_PROCEDURE	2026-08-27T10:22:44.710	2026-08-27T10:23:09.587
sp_helptext	-903712576	4	P	SQL_STORED_PROCEDURE	2026-08-27T10:21:54.693	2026-08-27T10:21:54.733
sp_change_feed_enable_tables_after_reseed	-903525074	4	P	SQL_STORED_PROCEDURE	2026-08-27T10:22:51.170	2026-08-27T10:22:51.290
sp_MSenum_logreader_sd	-902271674	4	P	SQL_STORED_PROCEDURE	2026-08-27T10:22:45.093	2026-08-27T10:22:45.587
sp_add_object_to_change_event_stream_group	-901371412	4	P	SQL_STORED_PROCEDURE	2026-08-27T10:23:33.877	2026-08-27T10:23:33.973
dm_fts_fdhosts	-900213070	4	V	VIEW	2026-08-27T10:21:42.270	2026-08-27T10:21:42.273
sp_get_managed_delta_table_log_files_metadata	-900040896	4	X	EXTENDED_STORED_PROCEDURE	2026-08-27T10:22:12.637	2026-08-27T10:22:12.640
sp_data_pool_table_query_state	-899993970	4	P	SQL_STORED_PROCEDURE	2026-08-27T10:22:11.417	2026-08-27T10:22:11.420
sp_MSset_dynamic_filter_options	-898970923	4	P	SQL_STORED_PROCEDURE	2026-08-27T10:22:55.060	2026-08-27T10:22:55.063
sp_xtp_merge_checkpoint_files	-898761107	4	P	SQL_STORED_PROCEDURE	2026-08-27T10:23:45.540	2026-08-27T10:23:45.543
fn_RowDumpCracker	-898718929	4	TF	SQL_TABLE_VALUED_FUNCTION	2026-08-27T10:21:48.387	2026-08-27T10:21:48.660
dm_os_file_exists	-898697527	4	IF	SQL_INLINE_TABLE_VALUED_FUNCTION	2026-08-27T10:21:48.637	2026-08-27T10:21:48.640
sp_deletepeerrequesthistory	-897802122	4	P	SQL_STORED_PROCEDURE	2026-08-27T10:22:43.350	2026-08-27T10:22:43.560
sp_helpsubscription_properties	-897497827	4	P	SQL_STORED_PROCEDURE	2026-08-27T10:22:37.310	2026-08-27T10:23:02.510
dm_xe_sessions	-897487264	4	V	VIEW	2026-08-27T10:21:48.127	2026-08-27T10:21:48.130
sp_addmergesubscription	-897112745	4	P	SQL_STORED_PROCEDURE	2026-08-27T10:22:54.757	2026-08-27T10:23:13.580
trigger_event_types	-895863199	4	V	VIEW	2026-08-27T10:21:50.993	2026-08-27T10:21:50.997
sp_MSadd_mergereplcommand	-894739429	4	P	SQL_STORED_PROCEDURE	2026-08-27T10:22:56.653	2026-08-27T10:22:56.657
sp_helpdynamicsnapshot_job	-894251885	4	P	SQL_STORED_PROCEDURE	2026-08-27T10:22:54.980	2026-08-27T10:22:54.983
sp_MSmergesubscribedb	-893651573	4	P	SQL_STORED_PROCEDURE	2026-08-27T10:22:37.210	2026-08-27T10:22:38.587
dm_dw_resource_manager_active_tran	-893431044	4	V	VIEW	2026-08-27T10:21:48.600	2026-08-27T10:21:48.603
sp_helpstats	-892891760	4	P	SQL_STORED_PROCEDURE	2026-08-27T10:21:54.680	2026-08-27T10:21:54.733
sp_MSmakebatchinsertproc	-892578397	4	P	SQL_STORED_PROCEDURE	2026-08-27T10:22:56.947	2026-08-27T10:23:15.743
sp_fido_glms_unregister_appname	-892520672	4	X	EXTENDED_STORED_PROCEDURE	2026-08-27T10:21:48.727	2026-08-27T10:21:48.730
sp_MSreplcheck_subscribe	-891699193	4	P	SQL_STORED_PROCEDURE	2026-08-27T10:22:36.840	2026-08-27T10:22:38.600
sp_MScheckidentityrange	-891552577	4	P	SQL_STORED_PROCEDURE	2026-08-27T10:22:56.367	2026-08-27T10:22:56.370
sp_get_trident_data_location	-891532401	4	P	SQL_STORED_PROCEDURE	2026-08-27T10:22:12.597	2026-08-27T10:22:12.600
sp_MSenumchangeslightweight	-890992809	4	P	SQL_STORED_PROCEDURE	2026-08-27T10:22:58.527	2026-08-27T10:22:58.530
dm_os_memory_health_history	-890463207	4	V	VIEW	2026-08-27T10:21:48.790	2026-08-27T10:21:48.793
sp_scriptdelproc	-890139840	4	P	SQL_STORED_PROCEDURE	2026-08-27T10:22:42.907	2026-08-27T10:22:43.540
sp_MSpeerconflictdetection_statuscollection_applyresponse	-889606347	4	P	SQL_STORED_PROCEDURE	2026-08-27T10:22:43.510	2026-08-27T10:22:43.560
sp_showinitialmemo_xml	-889529352	4	X	EXTENDED_STORED_PROCEDURE	2026-08-27T10:22:10.763	2026-08-27T10:22:10.767
sp_xml_preparedocument	-889216150	4	X	EXTENDED_STORED_PROCEDURE	2026-08-27T10:21:58.007	2026-08-27T10:21:58.010
sp_MShelp_profilecache	-889038591	4	P	SQL_STORED_PROCEDURE	2026-08-27T10:22:40.250	2026-08-27T10:22:40.647
sp_auto_tuning_validate_executable	-887660227	4	X	EXTENDED_STORED_PROCEDURE	2026-08-27T10:22:22.447	2026-08-27T10:22:22.450
sp_syspolicy_execute_policy	-887594060	4	P	SQL_STORED_PROCEDURE	2026-08-27T10:22:31.480	2026-08-27T10:22:31.590
sp_MSgetpeerwinnerrow	-887162030	4	P	SQL_STORED_PROCEDURE	2026-08-27T10:22:43.027	2026-08-27T10:22:43.547
xp_servicecontrol	-887008658	4	X	EXTENDED_STORED_PROCEDURE	2026-08-27T10:23:28.970	2026-08-27T10:23:29.043
sp_special_columns_90	-885305184	4	P	SQL_STORED_PROCEDURE	2026-08-27T10:22:27.103	2026-08-27T10:22:27.107
sp_MSaddanonymousreplica	-883852087	4	P	SQL_STORED_PROCEDURE	2026-08-27T10:22:37.393	2026-08-27T10:23:02.650
COLUMNS	-883068723	3	V	VIEW	2026-08-27T10:22:29.973	2026-08-27T10:22:29.977
sp_describe_parameter_encryption	-882901049	4	X	EXTENDED_STORED_PROCEDURE	2026-08-27T10:21:37.520	2026-08-27T10:21:37.523
sp_MSgetlastsentrecgens	-882690177	4	P	SQL_STORED_PROCEDURE	2026-08-27T10:22:56.440	2026-08-27T10:22:56.443
fn_repldecryptver4	-882476690	4	FN	SQL_SCALAR_FUNCTION	2026-08-27T10:22:38.533	2026-08-27T10:22:38.610
sp_helppeerrequests	-881194334	4	P	SQL_STORED_PROCEDURE	2026-08-27T10:22:43.343	2026-08-27T10:22:43.560
sp_xtp_slo_prepare_to_downgrade	-880943438	4	P	SQL_STORED_PROCEDURE	2026-08-27T10:23:45.573	2026-08-27T10:23:45.577
sp_changeqreader_agent	-880357550	4	P	SQL_STORED_PROCEDURE	2026-08-27T10:22:45.443	2026-08-27T10:22:45.607
dm_db_log_space_usage	-879924562	4	V	VIEW	2026-08-27T10:21:47.937	2026-08-27T10:21:47.940
sp_kill_oldest_transaction_on_secondary	-879747917	4	P	SQL_STORED_PROCEDURE	2026-08-27T10:21:51.097	2026-08-27T10:21:51.157
sp_MScomputemergeunresolvedrefs	-879354965	4	P	SQL_STORED_PROCEDURE	2026-08-27T10:22:54.947	2026-08-27T10:23:13.847
sp_MSinsertdeleteconflict	-879099726	4	P	SQL_STORED_PROCEDURE	2026-08-27T10:22:56.730	2026-08-27T10:23:15.543
dm_column_encryption_enclave_operation_stats	-878970983	4	V	VIEW	2026-08-27T10:21:35.100	2026-08-27T10:21:35.103
sp_MSstartmerge_agent	-878918104	4	P	SQL_STORED_PROCEDURE	2026-08-27T10:22:45.463	2026-08-27T10:22:45.610
sp_MSget_publisher_rpc	-878500199	4	P	SQL_STORED_PROCEDURE	2026-08-27T10:22:38.160	2026-08-27T10:23:03.807
dm_db_external_script_execution_stats	-878349079	4	V	VIEW	2026-08-27T10:21:48.193	2026-08-27T10:21:48.197
sp_MScreateretry	-877978993	4	P	SQL_STORED_PROCEDURE	2026-08-27T10:22:56.410	2026-08-27T10:22:56.413
sp_procedure_params_90_rowset2	-877946146	4	P	SQL_STORED_PROCEDURE	2026-08-27T10:22:27.703	2026-08-27T10:22:27.707
dm_database_external_governance_sync_state	-877538372	4	V	VIEW	2026-08-27T10:21:35.120	2026-08-27T10:21:35.123
sp_auto_tuning_update_create_index_workflow	-877151379	4	P	SQL_STORED_PROCEDURE	2026-08-27T10:22:22.473	2026-08-27T10:22:22.477
sp_MSscript_sync_upd_trig	-876726608	4	P	SQL_STORED_PROCEDURE	2026-08-27T10:22:37.573	2026-08-27T10:22:38.603
ORMask	-875599850	4	AF	AGGREGATE_FUNCTION	2026-08-27T10:22:35.487	2026-08-27T10:22:35.490
dm_db_logical_index_corruptions	-875509863	4	V	VIEW	2026-08-27T10:21:48.793	2026-08-27T10:21:48.797
sp_xa_end	-875494353	4	X	EXTENDED_STORED_PROCEDURE	2026-08-27T10:23:31.597	2026-08-27T10:23:31.600
sp_MSinserterrorlineage	-873132030	4	P	SQL_STORED_PROCEDURE	2026-08-27T10:22:57.130	2026-08-27T10:22:57.133
sp_help_change_event_stream_groups	-873062286	4	P	SQL_STORED_PROCEDURE	2026-08-27T10:23:33.937	2026-08-27T10:23:33.977
xp_qv	-873056684	4	X	EXTENDED_STORED_PROCEDURE	2026-08-27T10:23:25.657	2026-08-27T10:23:25.660
sp_IHValidateRowFilter	-871496018	4	P	SQL_STORED_PROCEDURE	2026-08-27T10:22:43.170	2026-08-27T10:22:43.553
sp_query_store_force_plan	-871052797	4	X	EXTENDED_STORED_PROCEDURE	2026-08-27T10:22:13.847	2026-08-27T10:22:13.850
sp_help_spatial_geography_histogram	-870221850	4	P	SQL_STORED_PROCEDURE	2026-08-27T10:22:08.620	2026-08-27T10:22:08.630
sp_unregister_custom_scripting	-869094701	4	P	SQL_STORED_PROCEDURE	2026-08-27T10:22:42.907	2026-08-27T10:22:43.553
sp_rda_test_connection	-868396755	4	X	EXTENDED_STORED_PROCEDURE	2026-08-27T10:22:19.223	2026-08-27T10:22:19.227
sp_MSgetsetupbelong_cost	-868049710	4	P	SQL_STORED_PROCEDURE	2026-08-27T10:22:56.820	2026-08-27T10:23:15.597
sp_identitycolumnforreplication	-867778948	4	P	SQL_STORED_PROCEDURE	2026-08-27T10:22:40.623	2026-08-27T10:23:00.790
sp_MSscriptdatabase	-867567879	4	P	SQL_STORED_PROCEDURE	2026-08-27T10:23:30.380	2026-08-27T10:23:30.430
sp_MShelp_logreader_agentid	-866947384	4	P	SQL_STORED_PROCEDURE	2026-08-27T10:22:45.223	2026-08-27T10:22:45.593
sp_get_native_shuffle_storage_path	-866487614	4	X	EXTENDED_STORED_PROCEDURE	2026-08-27T10:22:12.633	2026-08-27T10:22:12.637
xp_logevent	-865724525	4	X	EXTENDED_STORED_PROCEDURE	2026-08-27T10:21:52.260	2026-08-27T10:21:52.263
sp_MSreplremoveuncdir	-865699876	4	P	SQL_STORED_PROCEDURE	2026-08-27T10:22:45.070	2026-08-27T10:23:09.973
sp_MSrepl_setNFR	-865569767	4	P	SQL_STORED_PROCEDURE	2026-08-27T10:22:43.457	2026-08-27T10:23:07.147
sp_MShelp_replication_status	-865344593	4	P	SQL_STORED_PROCEDURE	2026-08-27T10:22:40.270	2026-08-27T10:23:00.263
sp_columns_ex_90	-862046107	4	P	SQL_STORED_PROCEDURE	2026-08-27T10:22:27.030	2026-08-27T10:22:27.033
sp_MSclearresetpartialsnapshotprogressbit	-860721077	4	P	SQL_STORED_PROCEDURE	2026-08-27T10:22:45.257	2026-08-27T10:22:45.597
sp_helpconstraint	-860295481	4	P	SQL_STORED_PROCEDURE	2026-08-27T10:21:54.710	2026-08-27T10:21:54.737
sp_MSunmarkschemaobject	-860050631	4	P	SQL_STORED_PROCEDURE	2026-08-27T10:22:37.110	2026-08-27T10:23:02.187
sp_memory_leak_detection	-859208431	4	P	SQL_STORED_PROCEDURE	2026-08-27T10:21:48.737	2026-08-27T10:21:48.740
sp_add_object_to_event_stream_group	-859057902	4	P	SQL_STORED_PROCEDURE	2026-08-27T10:23:33.920	2026-08-27T10:23:33.973
sp_assembly_dependencies_rowset	-858873152	4	P	SQL_STORED_PROCEDURE	2026-08-27T10:22:27.633	2026-08-27T10:22:27.637
sp_procedure_params_100_rowset	-858711997	4	P	SQL_STORED_PROCEDURE	2026-08-27T10:22:27.707	2026-08-27T10:22:27.710
sp_MSevalsubscriberinfo	-858486683	4	P	SQL_STORED_PROCEDURE	2026-08-27T10:22:57.130	2026-08-27T10:22:57.133
sp_upgrade_log_shipping	-858063793	4	P	SQL_STORED_PROCEDURE	2026-08-27T10:22:46.977	2026-08-27T10:22:46.983
fn_dblog	-857107446	4	IF	SQL_INLINE_TABLE_VALUED_FUNCTION	2026-08-27T10:21:48.360	2026-08-27T10:21:48.657
sp_MSscript_sync_del_proc	-856616782	4	P	SQL_STORED_PROCEDURE	2026-08-27T10:22:42.727	2026-08-27T10:22:43.543
dm_cache_hit_stats	-856517787	4	V	VIEW	2026-08-27T10:21:48.710	2026-08-27T10:21:48.713
GeographyCollectionAggregate	-856169798	4	AF	AGGREGATE_FUNCTION	2026-08-27T10:22:07.440	2026-08-27T10:22:07.460
sp_MSmakearticleprocs	-856047148	4	P	SQL_STORED_PROCEDURE	2026-08-27T10:22:56.853	2026-08-27T10:23:15.640
traces	-855650752	4	V	VIEW	2026-08-27T10:21:59.143	2026-08-27T10:21:59.147
sp_MSget_subscriber_partition_id	-855413826	4	P	SQL_STORED_PROCEDURE	2026-08-27T10:22:55.043	2026-08-27T10:22:55.047
sp_fido_glm_server_execute_batch	-855186746	4	X	EXTENDED_STORED_PROCEDURE	2026-08-27T10:21:48.730	2026-08-27T10:21:48.733
sp_dw_submit_configuration_change	-854161434	4	X	EXTENDED_STORED_PROCEDURE	2026-08-27T10:22:12.670	2026-08-27T10:22:12.673
sp_help_log_shipping_monitor	-854081768	4	P	SQL_STORED_PROCEDURE	2026-08-27T10:22:46.967	2026-08-27T10:23:18.500
sp_getVolumeFreeSpace	-853689781	4	P	SQL_STORED_PROCEDURE	2026-08-27T10:22:33.993	2026-08-27T10:22:34.053
sp_usertypes_rowset2	-853680880	4	P	SQL_STORED_PROCEDURE	2026-08-27T10:22:27.640	2026-08-27T10:22:27.643
sp_helpallowmerge_publication	-853574430	4	P	SQL_STORED_PROCEDURE	2026-08-27T10:22:54.310	2026-08-27T10:23:13.440
sp_MScheckexistsrecguid	-853103689	4	P	SQL_STORED_PROCEDURE	2026-08-27T10:22:58.617	2026-08-27T10:22:58.620
fn_helpcollations	-852794453	4	IF	SQL_INLINE_TABLE_VALUED_FUNCTION	2026-08-27T10:21:52.240	2026-08-27T10:21:52.253
fn_cdc_increment_lsn	-852292931	4	FS	CLR_SCALAR_FUNCTION	2026-08-27T10:22:35.480	2026-08-27T10:22:35.483
dm_hadr_name_id_map	-851643926	4	V	VIEW	2026-08-27T10:21:48.503	2026-08-27T10:21:48.507
dm_db_missing_index_group_stats_query	-850131167	4	V	VIEW	2026-08-27T10:21:46.807	2026-08-27T10:21:46.813
sp_MSdropretry	-849035661	4	P	SQL_STORED_PROCEDURE	2026-08-27T10:22:56.413	2026-08-27T10:22:56.417
sp_expired_subscription_cleanup	-848733509	4	P	SQL_STORED_PROCEDURE	2026-08-27T10:22:37.383	2026-08-27T10:22:38.587
sp_changemergearticle	-848482772	4	P	SQL_STORED_PROCEDURE	2026-08-27T10:22:54.307	2026-08-27T10:22:54.310
sp_build_histogram	-848193227	4	X	EXTENDED_STORED_PROCEDURE	2026-08-27T10:22:10.787	2026-08-27T10:22:10.790
sp_audit_write	-848078723	4	X	EXTENDED_STORED_PROCEDURE	2026-08-27T10:21:52.260	2026-08-27T10:21:52.263
sp_MSchange_mergepublication	-845880397	4	P	SQL_STORED_PROCEDURE	2026-08-27T10:22:55.167	2026-08-27T10:22:55.170
sp_startmergepullsubscription_agent	-845436233	4	P	SQL_STORED_PROCEDURE	2026-08-27T10:22:38.510	2026-08-27T10:22:38.613
sp_changesubscriptiondtsinfo	-844852593	4	P	SQL_STORED_PROCEDURE	2026-08-27T10:22:42.997	2026-08-27T10:23:06.623
sp_MSaddpeerlsn	-844754720	4	P	SQL_STORED_PROCEDURE	2026-08-27T10:22:43.297	2026-08-27T10:22:43.557
sp_replrethrow	-843878113	4	P	SQL_STORED_PROCEDURE	2026-08-27T10:22:43.520	2026-08-27T10:22:43.560
sp_MSreinitoverlappingmergepublications	-843072240	4	P	SQL_STORED_PROCEDURE	2026-08-27T10:22:54.643	2026-08-27T10:22:54.647
xp_instance_regaddmultistring	-842668526	4	X	EXTENDED_STORED_PROCEDURE	2026-08-27T10:23:28.970	2026-08-27T10:23:29.037
sp_polybase_authorize	-842015596	4	X	EXTENDED_STORED_PROCEDURE	2026-08-27T10:22:10.777	2026-08-27T10:22:10.780
dm_os_waiting_tasks	-841805201	4	V	VIEW	2026-08-27T10:21:48.153	2026-08-27T10:21:48.157
sp_help_fulltext_catalogs	-841456063	4	P	SQL_STORED_PROCEDURE	2026-08-27T10:21:56.893	2026-08-27T10:21:56.950
sp_MShelp_profile	-840975805	4	P	SQL_STORED_PROCEDURE	2026-08-27T10:22:43.257	2026-08-27T10:22:43.550
sp_procedure_params_rowset	-840884877	4	P	SQL_STORED_PROCEDURE	2026-08-27T10:22:27.680	2026-08-27T10:22:27.687
dm_exec_background_job_queue	-840336043	4	V	VIEW	2026-08-27T10:21:46.797	2026-08-27T10:21:46.800
sp_setsubscriptionxactseqno	-839975303	4	P	SQL_STORED_PROCEDURE	2026-08-27T10:22:43.430	2026-08-27T10:22:43.563
sp_MSmerge_alterschemaonly	-839389137	4	P	SQL_STORED_PROCEDURE	2026-08-27T10:22:37.093	2026-08-27T10:22:38.583
sp_helpsubscription	-838912217	4	P	SQL_STORED_PROCEDURE	2026-08-27T10:22:42.200	2026-08-27T10:22:43.537
sp_updatestats	-838816646	4	P	SQL_STORED_PROCEDURE	2026-08-27T10:21:45.727	2026-08-27T10:21:45.743
dm_dw_tran_manager_commit_cache	-838606608	4	V	VIEW	2026-08-27T10:21:48.597	2026-08-27T10:21:48.600
dm_exec_cursors	-838405656	4	IF	SQL_INLINE_TABLE_VALUED_FUNCTION	2026-08-27T10:21:51.057	2026-08-27T10:21:51.060
sp_table_constraints_rowset	-838054311	4	P	SQL_STORED_PROCEDURE	2026-08-27T10:22:27.563	2026-08-27T10:22:27.570
sp_MSrequestreenumeration_lightweight	-837731001	4	P	SQL_STORED_PROCEDURE	2026-08-27T10:22:58.623	2026-08-27T10:22:58.627
sp_MSinsertgenhistory	-837534047	4	P	SQL_STORED_PROCEDURE	2026-08-27T10:22:56.590	2026-08-27T10:23:15.470
fn_sqlagent_jobs	-836572785	4	TF	SQL_TABLE_VALUED_FUNCTION	2026-08-27T10:22:32.690	2026-08-27T10:22:32.693
sp_update_snapshot_database_time	-836317448	4	X	EXTENDED_STORED_PROCEDURE	2026-08-27T10:22:12.677	2026-08-27T10:22:12.680
dm_db_missing_index_details	-836153001	4	V	VIEW	2026-08-27T10:21:46.823	2026-08-27T10:21:46.827
sp_MSforeachdb	-835749359	4	P	SQL_STORED_PROCEDURE	2026-08-27T10:23:30.337	2026-08-27T10:23:30.423
sp_MScreatedisabledmltrigger	-835496152	4	P	SQL_STORED_PROCEDURE	2026-08-27T10:22:37.450	2026-08-27T10:23:02.750
fn_replgetparsedddlcmd	-834653472	4	FN	SQL_SCALAR_FUNCTION	2026-08-27T10:22:40.367	2026-08-27T10:22:40.633
sp_getmergedeletetype	-834137094	4	P	SQL_STORED_PROCEDURE	2026-08-27T10:22:54.923	2026-08-27T10:22:54.927
sp_create_parser_version	-834038552	4	X	EXTENDED_STORED_PROCEDURE	2026-08-27T10:22:12.563	2026-08-27T10:22:12.567
sp_MScheck_Jet_Subscriber	-832195476	4	P	SQL_STORED_PROCEDURE	2026-08-27T10:22:44.977	2026-08-27T10:23:09.810
server_memory_optimized_hybrid_buffer_pool_configuration	-831884054	4	V	VIEW	2026-08-27T10:21:27.137	2026-08-27T10:21:27.140
fn_MStestbit	-831527161	4	FN	SQL_SCALAR_FUNCTION	2026-08-27T10:22:58.443	2026-08-27T10:22:58.447
sp_MSupdaterecgen	-830813724	4	P	SQL_STORED_PROCEDURE	2026-08-27T10:22:56.443	2026-08-27T10:22:56.447
sp_MSdrop_article	-829861732	4	P	SQL_STORED_PROCEDURE	2026-08-27T10:22:44.993	2026-08-27T10:22:45.580
sp_getqueuedrows	-829125725	4	P	SQL_STORED_PROCEDURE	2026-08-27T10:22:43.087	2026-08-27T10:23:06.763
dm_clr_properties	-828746209	4	V	VIEW	2026-08-27T10:21:48.147	2026-08-27T10:21:48.150
sp_MSget_identity_range_info	-828582346	4	P	SQL_STORED_PROCEDURE	2026-08-27T10:22:57.257	2026-08-27T10:23:15.980
sp_MSreleasedynamicsnapshotapplock	-828084430	4	P	SQL_STORED_PROCEDURE	2026-08-27T10:22:55.140	2026-08-27T10:22:55.143
sp_helprole	-827901970	4	P	SQL_STORED_PROCEDURE	2026-08-27T10:21:35.217	2026-08-27T10:21:35.230
sp_MSmakedeleteproc	-827221764	4	P	SQL_STORED_PROCEDURE	2026-08-27T10:22:57.050	2026-08-27T10:23:15.797
sp_MSpeerdbinfo	-825440453	4	P	SQL_STORED_PROCEDURE	2026-08-27T10:22:43.293	2026-08-27T10:22:43.557
dm_os_sublatches	-824946312	4	V	VIEW	2026-08-27T10:21:48.073	2026-08-27T10:21:48.077
sp_MSrequestreenumeration	-824828431	4	P	SQL_STORED_PROCEDURE	2026-08-27T10:22:56.457	2026-08-27T10:22:56.460
sp_cdc_vupgrade_databases	-824212303	4	P	SQL_STORED_PROCEDURE	2026-08-27T10:22:48.510	2026-08-27T10:22:48.597
sp_MSenum_qreader_sd	-822478103	4	P	SQL_STORED_PROCEDURE	2026-08-27T10:22:45.103	2026-08-27T10:22:45.587
dm_dist_requests	-821241987	4	V	VIEW	2026-08-27T10:21:47.993	2026-08-27T10:21:47.997
sp_certificate_add_issuer	-820956988	4	X	EXTENDED_STORED_PROCEDURE	2026-08-27T10:21:35.253	2026-08-27T10:21:35.257
sp_change_feed_enable_db	-820847614	4	P	SQL_STORED_PROCEDURE	2026-08-27T10:22:50.923	2026-08-27T10:22:51.290
sp_query_store_reset_exec_stats	-820642185	4	X	EXTENDED_STORED_PROCEDURE	2026-08-27T10:22:13.850	2026-08-27T10:22:13.853
sp_has_change_feed_permissions	-820596667	4	P	SQL_STORED_PROCEDURE	2026-08-27T10:22:50.920	2026-08-27T10:22:51.293
sp_setdefaultdatatypemapping	-820359674	4	P	SQL_STORED_PROCEDURE	2026-08-27T10:22:40.467	2026-08-27T10:22:40.650
sp_get_mergepublishedarticleproperties	-819749663	4	P	SQL_STORED_PROCEDURE	2026-08-27T10:22:54.327	2026-08-27T10:22:54.330
sp_MSacquireHeadofQueueLock	-819689368	4	P	SQL_STORED_PROCEDURE	2026-08-27T10:22:36.897	2026-08-27T10:23:01.967
sp_unsetapprole	-819254104	4	P	SQL_STORED_PROCEDURE	2026-08-27T10:21:37.457	2026-08-27T10:21:37.523
dm_exec_session_wait_stats	-819096169	4	V	VIEW	2026-08-27T10:21:48	2026-08-27T10:21:48.003
sp_enumcustomresolvers	-818488288	4	P	SQL_STORED_PROCEDURE	2026-08-27T10:22:54.797	2026-08-27T10:23:13.643
sp_disableagentoffload	-818302175	4	P	SQL_STORED_PROCEDURE	2026-08-27T10:22:38.287	2026-08-27T10:22:38.603
dm_os_buffer_pool_extension_configuration	-817648642	4	V	VIEW	2026-08-27T10:21:48.043	2026-08-27T10:21:48.047
sp_scriptinsproc	-817510966	4	P	SQL_STORED_PROCEDURE	2026-08-27T10:22:42.877	2026-08-27T10:22:43.540
xp_getnetname	-815501649	4	X	EXTENDED_STORED_PROCEDURE	2026-08-27T10:23:28.973	2026-08-27T10:23:29.037
sp_dbmmonitorresults	-814669512	4	P	SQL_STORED_PROCEDURE	2026-08-27T10:21:48.437	2026-08-27T10:21:48.663
sp_adddatatypemapping	-814516740	4	P	SQL_STORED_PROCEDURE	2026-08-27T10:22:40.453	2026-08-27T10:22:40.650
dm_exec_query_memory_grants	-814173984	4	V	VIEW	2026-08-27T10:21:48.013	2026-08-27T10:21:48.017
dm_fts_index_keywords	-813060674	4	IF	SQL_INLINE_TABLE_VALUED_FUNCTION	2026-08-27T10:21:42.360	2026-08-27T10:21:42.410
dm_resource_governor_external_resource_pool_affinity	-812293857	4	V	VIEW	2026-08-27T10:21:48.173	2026-08-27T10:21:48.177
sp_check_constraints_rowset2	-811992946	4	P	SQL_STORED_PROCEDURE	2026-08-27T10:22:27.500	2026-08-27T10:22:27.503
fn_PhysLocFormatter	-811690382	4	FN	SQL_SCALAR_FUNCTION	2026-08-27T10:21:48.397	2026-08-27T10:21:48.660
sp_MSrepl_enumpublications	-811672420	4	P	SQL_STORED_PROCEDURE	2026-08-27T10:22:40.410	2026-08-27T10:23:00.543
dm_logpool_hashentries	-811139055	4	V	VIEW	2026-08-27T10:21:48.223	2026-08-27T10:21:48.227
dm_logconsumer_cachebufferrefs	-809353602	4	IF	SQL_INLINE_TABLE_VALUED_FUNCTION	2026-08-27T10:21:48.237	2026-08-27T10:21:48.240
dm_tran_current_snapshot	-808834573	4	V	VIEW	2026-08-27T10:21:48.180	2026-08-27T10:21:48.183
dm_server_external_policy_role_actions	-808819314	4	V	VIEW	2026-08-27T10:21:35.107	2026-08-27T10:21:35.110
fn_filelog	-808116131	4	IF	SQL_INLINE_TABLE_VALUED_FUNCTION	2026-08-27T10:21:48.357	2026-08-27T10:21:48.657
sp_columns_170	-808029578	4	P	SQL_STORED_PROCEDURE	2026-08-27T10:22:26.993	2026-08-27T10:22:26.997
sp_mergesubscription_cleanup	-807912308	4	P	SQL_STORED_PROCEDURE	2026-08-27T10:22:37.673	2026-08-27T10:23:03.180
sp_generate_trident_table_manifest	-807658769	4	X	EXTENDED_STORED_PROCEDURE	2026-08-27T10:22:12.600	2026-08-27T10:22:12.603
sp_MSdeletefoldercontents	-807529055	4	P	SQL_STORED_PROCEDURE	2026-08-27T10:22:45.310	2026-08-27T10:23:10.353
sp_update_user_instance	-807058217	4	X	EXTENDED_STORED_PROCEDURE	2026-08-27T10:22:01.370	2026-08-27T10:22:01.377
sp_MSpeersendresponse	-807018961	4	P	SQL_STORED_PROCEDURE	2026-08-27T10:22:43.330	2026-08-27T10:22:43.557
sp_addextendedproperty	-806860202	4	P	SQL_STORED_PROCEDURE	2026-08-27T10:21:36.363	2026-08-27T10:21:36.370
sp_MSreleasemergeadminapplock	-806664613	4	P	SQL_STORED_PROCEDURE	2026-08-27T10:22:55.143	2026-08-27T10:22:55.147
sp_fido_remove_retention_policy	-806506314	4	X	EXTENDED_STORED_PROCEDURE	2026-08-27T10:21:48.730	2026-08-27T10:21:48.733
TABLE_CONSTRAINTS	-806458395	3	V	VIEW	2026-08-27T10:22:29.963	2026-08-27T10:22:29.967
dm_io_virtual_file_stats	-806439612	4	IF	SQL_INLINE_TABLE_VALUED_FUNCTION	2026-08-27T10:21:48.040	2026-08-27T10:21:48.043
sp_MSregisterdynsnapseqno	-806337207	4	P	SQL_STORED_PROCEDURE	2026-08-27T10:22:36.793	2026-08-27T10:22:38.580
sp_MSregistersubscription	-805113695	4	P	SQL_STORED_PROCEDURE	2026-08-27T10:22:37.280	2026-08-27T10:23:02.487
dm_exec_valid_use_hints	-804582623	4	V	VIEW	2026-08-27T10:21:48.020	2026-08-27T10:21:48.023
sp_MSget_MSmerge_rowtrack_colinfo	-804200509	4	P	SQL_STORED_PROCEDURE	2026-08-27T10:22:57.237	2026-08-27T10:22:57.240
sp_MSmakesystableviews	-803305818	4	P	SQL_STORED_PROCEDURE	2026-08-27T10:22:56.800	2026-08-27T10:23:15.577
dm_exec_xml_handles	-803153672	4	IF	SQL_INLINE_TABLE_VALUED_FUNCTION	2026-08-27T10:21:58.013	2026-08-27T10:21:58.017
dm_db_column_store_row_group_operational_stats	-802879297	4	V	VIEW	2026-08-27T10:21:48.563	2026-08-27T10:21:48.567
sp_MSgetmaxbcpgen	-802671284	4	P	SQL_STORED_PROCEDURE	2026-08-27T10:22:57.163	2026-08-27T10:22:57.167
sp_MSreplcheck_pull	-801971439	4	P	SQL_STORED_PROCEDURE	2026-08-27T10:22:37.177	2026-08-27T10:23:02.307
sp_MSget_agent_names	-801940189	4	P	SQL_STORED_PROCEDURE	2026-08-27T10:22:40.320	2026-08-27T10:23:00.367
dm_os_parent_block_descriptors	-801901212	4	V	VIEW	2026-08-27T10:21:48.097	2026-08-27T10:21:48.100
sp_tableswc	-801763063	4	P	SQL_STORED_PROCEDURE	2026-08-27T10:22:27.247	2026-08-27T10:22:27.250
sp_repl_get_msi_token	-801760271	4	X	EXTENDED_STORED_PROCEDURE	2026-08-27T10:22:38.573	2026-08-27T10:22:38.610
sp_scriptvdelproc	-801595305	4	P	SQL_STORED_PROCEDURE	2026-08-27T10:22:42.910	2026-08-27T10:22:43.540
sp_MSenum_logreader_s	-801453934	4	P	SQL_STORED_PROCEDURE	2026-08-27T10:22:45.093	2026-08-27T10:22:45.587
sp_removedistpublisherdbreplication	-800719658	4	P	SQL_STORED_PROCEDURE	2026-08-27T10:22:45.480	2026-08-27T10:23:10.650
sp_drop_trident_data_location	-800715478	4	P	SQL_STORED_PROCEDURE	2026-08-27T10:22:12.593	2026-08-27T10:22:12.597
sp_unregistercustomresolver	-800406969	4	P	SQL_STORED_PROCEDURE	2026-08-27T10:22:54.027	2026-08-27T10:22:54.030
sp_sqlagent_write_jobstep_log	-800368290	4	P	SQL_STORED_PROCEDURE	2026-08-27T10:22:32.683	2026-08-27T10:22:32.687
sp_MSrepl_init_backup_lsns	-799586208	4	P	SQL_STORED_PROCEDURE	2026-08-27T10:22:45.317	2026-08-27T10:22:45.600
sp_get_database_backup_policy	-799430769	4	X	EXTENDED_STORED_PROCEDURE	2026-08-27T10:22:12.630	2026-08-27T10:22:12.633
sp_check_file_cleanup_eligibility	-798154341	4	X	EXTENDED_STORED_PROCEDURE	2026-08-27T10:22:12.653	2026-08-27T10:22:12.657
sp_delete_http_namespace_reservation	-797865508	4	X	EXTENDED_STORED_PROCEDURE	2026-08-27T10:22:04.697	2026-08-27T10:22:04.707
sp_columns_rowset	-797496218	4	P	SQL_STORED_PROCEDURE	2026-08-27T10:22:27.323	2026-08-27T10:22:27.337
sp_http_generate_wsdl_defaultsimpleorcomplex	-796982327	4	P	SQL_STORED_PROCEDURE	2026-08-27T10:22:04.703	2026-08-27T10:22:04.707
sp_MSenum_replication_agents	-796887226	4	P	SQL_STORED_PROCEDURE	2026-08-27T10:22:40.273	2026-08-27T10:23:00.277
sp_MShelp_repl_agent	-796774635	4	P	SQL_STORED_PROCEDURE	2026-08-27T10:22:45.353	2026-08-27T10:23:10.437
sp_defaultdb	-796297816	4	P	SQL_STORED_PROCEDURE	2026-08-27T10:22:01.360	2026-08-27T10:22:01.377
dm_os_out_of_memory_events	-796241954	4	V	VIEW	2026-08-27T10:21:48.760	2026-08-27T10:21:48.763
sp_dbcmptlevel	-796040647	4	P	SQL_STORED_PROCEDURE	2026-08-27T10:21:39.703	2026-08-27T10:21:39.767
sp_views_rowset	-795719974	4	P	SQL_STORED_PROCEDURE	2026-08-27T10:22:27.513	2026-08-27T10:22:27.517
xp_logininfo	-795691164	4	P	SQL_STORED_PROCEDURE	2026-08-27T10:21:35.153	2026-08-27T10:21:35.260
sp_oledb_deflang	-795628547	4	P	SQL_STORED_PROCEDURE	2026-08-27T10:22:27.597	2026-08-27T10:22:27.600
dm_dw_tran_manager_active_cache	-795274212	4	V	VIEW	2026-08-27T10:21:48.593	2026-08-27T10:21:48.597
fn_PhysLocCracker	-795233039	4	TF	SQL_TABLE_VALUED_FUNCTION	2026-08-27T10:21:48.393	2026-08-27T10:21:48.660
xp_instance_regenumvalues	-795057912	4	X	EXTENDED_STORED_PROCEDURE	2026-08-27T10:23:28.970	2026-08-27T10:23:29.040
fn_translate_permissions	-795025293	4	IF	SQL_INLINE_TABLE_VALUED_FUNCTION	2026-08-27T10:21:35.083	2026-08-27T10:21:35.087
sp_addumpdevice	-794916572	4	P	SQL_STORED_PROCEDURE	2026-08-27T10:21:39.760	2026-08-27T10:21:39.770
sp_enumdsn	-794903444	4	P	SQL_STORED_PROCEDURE	2026-08-27T10:22:39.910	2026-08-27T10:22:59.830
sp_get_distributor	-794024901	4	P	SQL_STORED_PROCEDURE	2026-08-27T10:22:37.680	2026-08-27T10:23:03.193
sp_MSget_subscription_guid	-793959404	4	P	SQL_STORED_PROCEDURE	2026-08-27T10:22:45.217	2026-08-27T10:22:45.593
sp_articleview	-793559676	4	P	SQL_STORED_PROCEDURE	2026-08-27T10:22:42.227	2026-08-27T10:22:43.537
sp_MSupdategenhistory	-793474348	4	P	SQL_STORED_PROCEDURE	2026-08-27T10:22:56.590	2026-08-27T10:22:56.593
sp_MSget_DDL_after_regular_snapshot	-793463832	4	P	SQL_STORED_PROCEDURE	2026-08-27T10:22:55.173	2026-08-27T10:22:55.177
sp_set_trident_data_location	-793449255	4	P	SQL_STORED_PROCEDURE	2026-08-27T10:22:12.590	2026-08-27T10:22:12.593
xp_regdeletevalue	-792149806	4	X	EXTENDED_STORED_PROCEDURE	2026-08-27T10:23:28.963	2026-08-27T10:23:29.043
sp_auto_tuning_agent_notify_deactivate	-791671273	4	X	EXTENDED_STORED_PROCEDURE	2026-08-27T10:22:22.427	2026-08-27T10:22:22.430
sp_vupgrade_mergetables_v2	-791312666	4	P	SQL_STORED_PROCEDURE	2026-08-27T10:22:37.947	2026-08-27T10:23:03.477
sp_MScheck_subscription	-790793461	4	P	SQL_STORED_PROCEDURE	2026-08-27T10:22:37.150	2026-08-27T10:23:02.253
sp_processlogshippingretentioncleanup	-790652676	4	P	SQL_STORED_PROCEDURE	2026-08-27T10:22:46.917	2026-08-27T10:22:46.980
sp_MSgetchangecount	-789699100	4	P	SQL_STORED_PROCEDURE	2026-08-27T10:22:56.800	2026-08-27T10:22:56.803
sp_MSset_logicalrecord_metadata	-787876253	4	P	SQL_STORED_PROCEDURE	2026-08-27T10:22:57.207	2026-08-27T10:22:57.210
sp_dbmmonitorhelpmonitoring	-787833033	4	P	SQL_STORED_PROCEDURE	2026-08-27T10:21:48.403	2026-08-27T10:21:48.663
sp_MSenum_replication_job	-787541717	4	P	SQL_STORED_PROCEDURE	2026-08-27T10:22:40.280	2026-08-27T10:22:40.640
sp_MSgettranconflictrow	-786868573	4	P	SQL_STORED_PROCEDURE	2026-08-27T10:22:43.013	2026-08-27T10:23:06.663
sp_helpmergearticleconflicts	-785444695	4	P	SQL_STORED_PROCEDURE	2026-08-27T10:22:54.910	2026-08-27T10:23:13.807
sp_MSneedmergemetadataretentioncleanup	-785354710	4	P	SQL_STORED_PROCEDURE	2026-08-27T10:22:56.657	2026-08-27T10:22:56.660
sp_helpreplfailovermode	-785279113	4	P	SQL_STORED_PROCEDURE	2026-08-27T10:22:37.650	2026-08-27T10:23:03.110
KEY_COLUMN_USAGE	-784887024	3	V	VIEW	2026-08-27T10:22:29.993	2026-08-27T10:22:29.997
sp_MSpeersendtopologyinfo	-784856029	4	P	SQL_STORED_PROCEDURE	2026-08-27T10:22:43.340	2026-08-27T10:22:43.560
sp_droppublication	-784336948	4	P	SQL_STORED_PROCEDURE	2026-08-27T10:22:42.570	2026-08-27T10:22:43.537
sp_help	-784136858	4	P	SQL_STORED_PROCEDURE	2026-08-27T10:21:54.733	2026-08-27T10:21:54.737
dm_os_wait_stats	-783733354	4	V	VIEW	2026-08-27T10:21:48.153	2026-08-27T10:21:48.157
sp_get_redirected_publisher	-783535602	4	P	SQL_STORED_PROCEDURE	2026-08-27T10:22:45.490	2026-08-27T10:22:45.610
sp_execute_dw_data_compaction	-782924567	4	X	EXTENDED_STORED_PROCEDURE	2026-08-27T10:22:12.640	2026-08-27T10:22:12.643
sp_MSget_load_hint	-782915189	4	P	SQL_STORED_PROCEDURE	2026-08-27T10:22:38.217	2026-08-27T10:23:04.053
dm_server_accelerator_status	-782814456	4	V	VIEW	2026-08-27T10:22:09.690	2026-08-27T10:22:09.693
sp_browsereplcmds	-782569043	4	P	SQL_STORED_PROCEDURE	2026-08-27T10:22:42.963	2026-08-27T10:22:43.550
sp_MSispublicationqueued	-782452799	4	P	SQL_STORED_PROCEDURE	2026-08-27T10:22:45.317	2026-08-27T10:23:10.363
sp_who	-781310293	4	P	SQL_STORED_PROCEDURE	2026-08-27T10:21:51.110	2026-08-27T10:21:51.157
sp_MSdeletemetadataactionrequest	-780696182	4	P	SQL_STORED_PROCEDURE	2026-08-27T10:22:56.900	2026-08-27T10:22:56.903
dm_os_memory_node_access_stats	-779543734	4	V	VIEW	2026-08-27T10:21:48.103	2026-08-27T10:21:48.107
sp_MSdummyupdatelightweight	-779458808	4	P	SQL_STORED_PROCEDURE	2026-08-27T10:22:58.590	2026-08-27T10:22:58.593
sp_table_statistics_rowset	-779156269	4	P	SQL_STORED_PROCEDURE	2026-08-27T10:22:27.590	2026-08-27T10:22:27.597
sp_help_fulltext_tables	-778696812	4	P	SQL_STORED_PROCEDURE	2026-08-27T10:21:56.910	2026-08-27T10:21:56.950
sp_help_log_shipping_primary_database	-778575440	4	P	SQL_STORED_PROCEDURE	2026-08-27T10:22:46.810	2026-08-27T10:22:46.980
sp_MSproxiedmetadatalightweight	-778537476	4	P	SQL_STORED_PROCEDURE	2026-08-27T10:22:58.537	2026-08-27T10:22:58.540
sp_addextendedproc	-778373031	4	P	SQL_STORED_PROCEDURE	2026-08-27T10:21:30.463	2026-08-27T10:21:30.477
sp_sproc_columns_100	-778358742	4	P	SQL_STORED_PROCEDURE	2026-08-27T10:22:27.170	2026-08-27T10:22:27.173
sp_column_privileges_rowset_rmt	-778204169	4	P	SQL_STORED_PROCEDURE	2026-08-27T10:22:27.280	2026-08-27T10:22:27.283
sp_showpendingchanges	-777297857	4	P	SQL_STORED_PROCEDURE	2026-08-27T10:22:52.800	2026-08-27T10:22:52.803
xp_delete_files	-776782073	4	X	EXTENDED_STORED_PROCEDURE	2026-08-27T10:23:28.980	2026-08-27T10:23:29.023
sp_MSenumchanges_notbelongtopartition	-776377830	4	P	SQL_STORED_PROCEDURE	2026-08-27T10:22:56.520	2026-08-27T10:22:56.523
sp_MSforeachtable	-776307597	4	P	SQL_STORED_PROCEDURE	2026-08-27T10:23:30.337	2026-08-27T10:23:30.423
sp_addapprole	-775594226	4	P	SQL_STORED_PROCEDURE	2026-08-27T10:21:37.453	2026-08-27T10:21:37.520
dm_db_data_pools	-775161360	4	V	VIEW	2026-08-27T10:22:11.323	2026-08-27T10:22:11.327
sp_MSadd_repl_alert	-774723392	4	P	SQL_STORED_PROCEDURE	2026-08-27T10:22:45.160	2026-08-27T10:23:10.103
sp_MSupdate_subscription	-774689038	4	P	SQL_STORED_PROCEDURE	2026-08-27T10:22:44.923	2026-08-27T10:23:09.733
availability_replicas	-774096994	4	V	VIEW	2026-08-27T10:21:26.857	2026-08-27T10:21:26.860
dm_os_spinlock_stats	-772557003	4	V	VIEW	2026-08-27T10:21:48.097	2026-08-27T10:21:48.100
dm_os_linux_net_stats	-772489268	4	V	VIEW	2026-08-27T10:21:48.117	2026-08-27T10:21:48.120
sp_auto_tuning_update_workflow	-771900245	4	P	SQL_STORED_PROCEDURE	2026-08-27T10:22:22.470	2026-08-27T10:22:22.480
sp_changepublication_snapshot	-771131695	4	P	SQL_STORED_PROCEDURE	2026-08-27T10:22:39.870	2026-08-27T10:22:40.633
dm_database_encryption_keys	-770418002	4	V	VIEW	2026-08-27T10:21:35.090	2026-08-27T10:21:35.093
sp_remove_columnstore_column_dictionary	-770062979	4	P	SQL_STORED_PROCEDURE	2026-08-27T10:21:48.587	2026-08-27T10:21:48.590
xp_enum_oledb_providers	-769201390	4	X	EXTENDED_STORED_PROCEDURE	2026-08-27T10:23:28.977	2026-08-27T10:23:29.037
sp_MSgetarticlereinitvalue	-767886616	4	P	SQL_STORED_PROCEDURE	2026-08-27T10:22:43.033	2026-08-27T10:23:06.683
dm_exec_ce_feedback_cache	-767793102	4	V	VIEW	2026-08-27T10:21:48.020	2026-08-27T10:21:48.023
sp_get_dw_table_cell_metrics	-767710811	4	X	EXTENDED_STORED_PROCEDURE	2026-08-27T10:22:12.643	2026-08-27T10:22:12.647
sp_MSdrop_snapshot_agent	-767638850	4	P	SQL_STORED_PROCEDURE	2026-08-27T10:22:44.997	2026-08-27T10:23:09.840
sp_drop_parser_version	-767099843	4	X	EXTENDED_STORED_PROCEDURE	2026-08-27T10:22:12.570	2026-08-27T10:22:12.573
sp_MSenumretries	-766947507	4	P	SQL_STORED_PROCEDURE	2026-08-27T10:22:56.423	2026-08-27T10:22:56.427
sp_MSenum_qreader	-766227010	4	P	SQL_STORED_PROCEDURE	2026-08-27T10:22:45.097	2026-08-27T10:22:45.587
dm_tran_global_transactions_log	-766196453	4	V	VIEW	2026-08-27T10:21:48.607	2026-08-27T10:21:48.610
sp_helplanguage	-765948041	4	P	SQL_STORED_PROCEDURE	2026-08-27T10:21:52.247	2026-08-27T10:21:52.253
sp_generate_external_table_statistics_description_and_hash	-765494899	4	X	EXTENDED_STORED_PROCEDURE	2026-08-27T10:22:12.530	2026-08-27T10:22:12.533
sp_get_streaming_job	-765462564	4	P	SQL_STORED_PROCEDURE	2026-08-27T10:21:41.090	2026-08-27T10:21:41.110
sp_begin_parallel_nested_tran	-765217848	4	X	EXTENDED_STORED_PROCEDURE	2026-08-27T10:21:51.090	2026-08-27T10:21:51.150
sp_MSmakectsview	-764848236	4	P	SQL_STORED_PROCEDURE	2026-08-27T10:22:57.153	2026-08-27T10:23:15.920
sp_reinitmergepullsubscription	-764022791	4	P	SQL_STORED_PROCEDURE	2026-08-27T10:22:37.200	2026-08-27T10:22:38.583
sp_get_dw_manifest_file	-763546235	4	X	EXTENDED_STORED_PROCEDURE	2026-08-27T10:22:12.660	2026-08-27T10:22:12.663
sp_auto_tuning_index_recommendation_verification_report	-763023554	4	P	SQL_STORED_PROCEDURE	2026-08-27T10:22:22.480	2026-08-27T10:22:22.490
sp_dw_get_fe_instance_cert_thumbprint	-762633275	4	X	EXTENDED_STORED_PROCEDURE	2026-08-27T10:22:12.620	2026-08-27T10:22:12.623
sp_fulltext_service	-761670688	4	P	SQL_STORED_PROCEDURE	2026-08-27T10:21:42.300	2026-08-27T10:21:42.410
sp_MScache_agent_parameter	-760860487	4	P	SQL_STORED_PROCEDURE	2026-08-27T10:22:40.250	2026-08-27T10:22:40.643
sp_create_plan_guide	-760493501	4	P	SQL_STORED_PROCEDURE	2026-08-27T10:21:51.100	2026-08-27T10:21:51.153
dm_exec_text_query_plan	-759672739	4	IF	SQL_INLINE_TABLE_VALUED_FUNCTION	2026-08-27T10:21:51.020	2026-08-27T10:21:51.023
sp_MSispeertopeeragent	-759005823	4	P	SQL_STORED_PROCEDURE	2026-08-27T10:22:45.340	2026-08-27T10:22:45.603
sp_MShelpsummarypublication	-758818984	4	P	SQL_STORED_PROCEDURE	2026-08-27T10:22:40.413	2026-08-27T10:22:40.650
availability_groups	-758722827	4	V	VIEW	2026-08-27T10:21:26.850	2026-08-27T10:21:26.853
sp_MSrepl_PAL_rolecheck	-758691546	4	P	SQL_STORED_PROCEDURE	2026-08-27T10:22:37.180	2026-08-27T10:22:38.583
dm_db_xtp_checkpoint_stats	-758382325	4	V	VIEW	2026-08-27T10:23:45.500	2026-08-27T10:23:45.503
dm_exec_input_buffer	-757872378	4	IF	SQL_INLINE_TABLE_VALUED_FUNCTION	2026-08-27T10:21:48	2026-08-27T10:21:48.003
sp_query_store_remove_plan	-757687023	4	X	EXTENDED_STORED_PROCEDURE	2026-08-27T10:22:13.860	2026-08-27T10:22:13.863
sp_trident_cloud_clone_database	-756958220	4	X	EXTENDED_STORED_PROCEDURE	2026-08-27T10:22:12.627	2026-08-27T10:22:12.630
sp_MSadd_tracer_token	-756626989	4	P	SQL_STORED_PROCEDURE	2026-08-27T10:22:45.323	2026-08-27T10:23:10.383
sp_change_feed_vupgrade	-755854183	4	P	SQL_STORED_PROCEDURE	2026-08-27T10:22:51.253	2026-08-27T10:22:51.290
sp_helparticledts	-755047173	4	P	SQL_STORED_PROCEDURE	2026-08-27T10:22:42.993	2026-08-27T10:23:06.610
sp_MSdelete_tracer_history	-754921005	4	P	SQL_STORED_PROCEDURE	2026-08-27T10:22:45.330	2026-08-27T10:23:10.393
sp_is_columnstore_column_dictionary_enabled	-753984910	4	P	SQL_STORED_PROCEDURE	2026-08-27T10:21:48.577	2026-08-27T10:21:48.580
sp_MSstartdistribution_agent	-753662925	4	P	SQL_STORED_PROCEDURE	2026-08-27T10:22:45.460	2026-08-27T10:22:45.607
sp_MSpeerconflictdetection_topology_applyresponse	-753071350	4	P	SQL_STORED_PROCEDURE	2026-08-27T10:22:43.507	2026-08-27T10:22:43.560
sp_polybase_show_objects	-752594644	4	X	EXTENDED_STORED_PROCEDURE	2026-08-27T10:22:11.430	2026-08-27T10:22:11.433
sp_update_agent_profile	-752419200	4	P	SQL_STORED_PROCEDURE	2026-08-27T10:22:45.210	2026-08-27T10:23:10.197
sp_script_reconciliation_vdelproc	-751653909	4	P	SQL_STORED_PROCEDURE	2026-08-27T10:22:42.890	2026-08-27T10:22:43.540
sp_get_openrowset_statistics_cardinality	-750564336	4	X	EXTENDED_STORED_PROCEDURE	2026-08-27T10:22:12.520	2026-08-27T10:22:12.523
VIEWS	-750419857	3	V	VIEW	2026-08-27T10:22:30.013	2026-08-27T10:22:30.017
dm_io_network_traffic_stats	-749564938	4	V	VIEW	2026-08-27T10:21:48.190	2026-08-27T10:21:48.193
sp_MScleanup_conflict	-749498974	4	P	SQL_STORED_PROCEDURE	2026-08-27T10:22:54.893	2026-08-27T10:23:13.757
sp_control_plan_guide	-748561791	4	P	SQL_STORED_PROCEDURE	2026-08-27T10:21:51.103	2026-08-27T10:21:51.153
sp_releaseschemalock	-746401494	4	X	EXTENDED_STORED_PROCEDURE	2026-08-27T10:21:41.053	2026-08-27T10:21:41.110
sp_refreshview	-745630534	4	P	SQL_STORED_PROCEDURE	2026-08-27T10:21:40.980	2026-08-27T10:21:41.110
dm_hadr_availability_replica_states	-744484871	4	V	VIEW	2026-08-27T10:21:48.497	2026-08-27T10:21:48.500
fn_get_audit_file_v2	-744389705	4	IF	SQL_INLINE_TABLE_VALUED_FUNCTION	2026-08-27T10:21:35.130	2026-08-27T10:21:35.133
sp_changedistributor_password	-744293824	4	P	SQL_STORED_PROCEDURE	2026-08-27T10:22:40.283	2026-08-27T10:23:00.297
sp_MSaddinitialsubscription	-744150699	4	P	SQL_STORED_PROCEDURE	2026-08-27T10:22:56.850	2026-08-27T10:22:56.853
sp_showrowreplicainfo	-743031479	4	P	SQL_STORED_PROCEDURE	2026-08-27T10:22:52.737	2026-08-27T10:23:12.157
sp_MSadd_anonymous_agent	-742411441	4	P	SQL_STORED_PROCEDURE	2026-08-27T10:22:44.950	2026-08-27T10:22:45.580
sp_mergecleanupmetadata	-742080376	4	P	SQL_STORED_PROCEDURE	2026-08-27T10:22:54.883	2026-08-27T10:23:13.737
sp_MStablekeys	-742004609	4	P	SQL_STORED_PROCEDURE	2026-08-27T10:23:30.317	2026-08-27T10:23:30.420
dm_database_external_policy_role_members	-741885847	4	V	VIEW	2026-08-27T10:21:47.920	2026-08-27T10:21:47.923
sp_MSenum_metadataaction_requests	-741866489	4	P	SQL_STORED_PROCEDURE	2026-08-27T10:22:56.460	2026-08-27T10:22:56.463
sp_MSchange_retention_period_unit	-741697557	4	P	SQL_STORED_PROCEDURE	2026-08-27T10:22:37.377	2026-08-27T10:22:38.587
dm_broker_connections	-741323372	4	V	VIEW	2026-08-27T10:21:55.797	2026-08-27T10:21:55.803
sp_MSrepl_testconnection	-740127531	4	P	SQL_STORED_PROCEDURE	2026-08-27T10:22:40.520	2026-08-27T10:23:00.653
sp_datatype_info_170	-739330893	4	P	SQL_STORED_PROCEDURE	2026-08-27T10:22:27.067	2026-08-27T10:22:27.070
sp_enableagentoffload	-739290092	4	P	SQL_STORED_PROCEDURE	2026-08-27T10:22:38.287	2026-08-27T10:22:38.603
sp_MSfillupmissingcols	-738312993	4	P	SQL_STORED_PROCEDURE	2026-08-27T10:22:52.707	2026-08-27T10:23:12.147
sp_MSupdatesysmergearticles	-737902475	4	P	SQL_STORED_PROCEDURE	2026-08-27T10:22:56.877	2026-08-27T10:23:15.683
sp_filestream_force_garbage_collection	-737066792	4	P	SQL_STORED_PROCEDURE	2026-08-27T10:22:00.220	2026-08-27T10:22:00.223
sp_showcolv	-737015140	4	P	SQL_STORED_PROCEDURE	2026-08-27T10:22:52.730	2026-08-27T10:22:52.733
sp_MScleanupdynsnapshotvws	-736595727	4	P	SQL_STORED_PROCEDURE	2026-08-27T10:22:40.373	2026-08-27T10:23:00.433
sp_MSdropobsoletearticle	-736112879	4	P	SQL_STORED_PROCEDURE	2026-08-27T10:22:43.527	2026-08-27T10:23:07.207
sp_mergearticlecolumn	-736103795	4	P	SQL_STORED_PROCEDURE	2026-08-27T10:22:54.633	2026-08-27T10:22:54.637
dm_db_mirroring_auto_page_repair	-735915642	4	V	VIEW	2026-08-27T10:21:48.207	2026-08-27T10:21:48.210
sp_MSchecksharedagentforpublication	-734406364	4	P	SQL_STORED_PROCEDURE	2026-08-27T10:22:45.433	2026-08-27T10:22:45.600
sp_IHarticlecolumn	-734258500	4	P	SQL_STORED_PROCEDURE	2026-08-27T10:22:42.167	2026-08-27T10:23:05.940
sp_MSenumsubscriptions	-733544954	4	P	SQL_STORED_PROCEDURE	2026-08-27T10:22:37.217	2026-08-27T10:22:38.587
dm_exec_compute_node_status	-733506488	4	V	VIEW	2026-08-27T10:22:11.407	2026-08-27T10:22:11.410
dm_server_registry	-732648222	4	V	VIEW	2026-08-27T10:22:09.680	2026-08-27T10:22:09.683
dm_logpool_consumers	-731904471	4	IF	SQL_INLINE_TABLE_VALUED_FUNCTION	2026-08-27T10:21:48.233	2026-08-27T10:21:48.237
sp_tables_rowset	-731283191	4	P	SQL_STORED_PROCEDURE	2026-08-27T10:22:27.467	2026-08-27T10:22:27.477
sp_query_store_flush_db	-730592741	4	X	EXTENDED_STORED_PROCEDURE	2026-08-27T10:22:13.860	2026-08-27T10:22:13.863
sp_drop_agent_profile	-730392638	4	P	SQL_STORED_PROCEDURE	2026-08-27T10:22:40.240	2026-08-27T10:22:40.643
sp_MSgrantconnectreplication	-730262201	4	P	SQL_STORED_PROCEDURE	2026-08-27T10:22:38.453	2026-08-27T10:22:38.613
sp_MSset_oledb_prop	-729991060	4	P	SQL_STORED_PROCEDURE	2026-08-27T10:23:30.413	2026-08-27T10:23:30.433
VIEW_COLUMN_USAGE	-729637661	3	V	VIEW	2026-08-27T10:22:30.017	2026-08-27T10:22:30.020
sp_dropserver	-729459578	4	P	SQL_STORED_PROCEDURE	2026-08-27T10:22:02.497	2026-08-27T10:22:02.523
sp_inherit_session	-728206584	4	X	EXTENDED_STORED_PROCEDURE	2026-08-27T10:22:12.673	2026-08-27T10:22:12.677
dm_os_dispatchers	-727844710	4	V	VIEW	2026-08-27T10:21:48.100	2026-08-27T10:21:48.103
sp_foreign_keys_rowset	-727505126	4	P	SQL_STORED_PROCEDURE	2026-08-27T10:22:27.377	2026-08-27T10:22:27.390
dm_exec_describe_first_result_set_for_object	-725825450	4	IF	SQL_INLINE_TABLE_VALUED_FUNCTION	2026-08-27T10:21:51.010	2026-08-27T10:21:51.013
sp_replmonitorhelpmergesessiondetail	-725645107	4	P	SQL_STORED_PROCEDURE	2026-08-27T10:22:45.150	2026-08-27T10:22:45.573
fn_numberOf1InBinaryAfterLoc	-725621673	4	FN	SQL_SCALAR_FUNCTION	2026-08-27T10:22:57.230	2026-08-27T10:22:57.233
sp_MScheck_dropobject	-725526697	4	P	SQL_STORED_PROCEDURE	2026-08-27T10:22:43.523	2026-08-27T10:23:07.177
sp_MSscript_sync_del_trig	-725346185	4	P	SQL_STORED_PROCEDURE	2026-08-27T10:22:37.573	2026-08-27T10:22:38.603
sp_sqlagent_log_job_history	-724648924	4	P	SQL_STORED_PROCEDURE	2026-08-27T10:22:32.680	2026-08-27T10:22:32.683
sp_fulltext_load_thesaurus_file	-724200178	4	P	SQL_STORED_PROCEDURE	2026-08-27T10:21:42.403	2026-08-27T10:21:42.413
sp_MShelp_article	-724153324	4	P	SQL_STORED_PROCEDURE	2026-08-27T10:22:45.187	2026-08-27T10:23:10.127
dm_os_stacks	-723800187	4	V	VIEW	2026-08-27T10:21:48.070	2026-08-27T10:21:48.073
dm_dw_quality_row_group	-723411990	4	V	VIEW	2026-08-27T10:21:48.717	2026-08-27T10:21:48.720
sp_get_job_status_mergesubscription_agent	-723059186	4	P	SQL_STORED_PROCEDURE	2026-08-27T10:22:37.407	2026-08-27T10:22:38.600
sp_help_fulltext_columns	-722795740	4	P	SQL_STORED_PROCEDURE	2026-08-27T10:21:56.923	2026-08-27T10:21:56.950
sp_replmonitorgetoriginalpublisher	-722057472	4	P	SQL_STORED_PROCEDURE	2026-08-27T10:22:45.370	2026-08-27T10:22:45.603
dm_tran_global_recovery_transactions	-721159007	4	V	VIEW	2026-08-27T10:21:48.610	2026-08-27T10:21:48.613
sp_help_datatype_mapping	-721021307	4	P	SQL_STORED_PROCEDURE	2026-08-27T10:22:40.333	2026-08-27T10:22:40.647
dm_external_script_execution_stats	-720428490	4	V	VIEW	2026-08-27T10:21:48.190	2026-08-27T10:21:48.193
sp_add_agent_profile	-720346134	4	P	SQL_STORED_PROCEDURE	2026-08-27T10:22:39.777	2026-08-27T10:22:40.643
sp_browsesnapshotfolder	-719647253	4	P	SQL_STORED_PROCEDURE	2026-08-27T10:22:38.200	2026-08-27T10:22:38.593
dm_db_storage_pool_nodes	-719647024	4	V	VIEW	2026-08-27T10:22:11.330	2026-08-27T10:22:11.333
sp_sqlagent_help_jobstep	-719582923	4	P	SQL_STORED_PROCEDURE	2026-08-27T10:22:32.677	2026-08-27T10:22:32.680
sp_dw_physical_upsert_commit_manifest_file	-718969796	4	X	EXTENDED_STORED_PROCEDURE	2026-08-27T10:22:12.553	2026-08-27T10:22:12.557
fn_replreplacesinglequote	-718610251	4	FN	SQL_SCALAR_FUNCTION	2026-08-27T10:22:41.823	2026-08-27T10:22:43.550
fn_trace_gettable	-718311503	4	IF	SQL_INLINE_TABLE_VALUED_FUNCTION	2026-08-27T10:21:59.120	2026-08-27T10:21:59.123
sp_MSforcereenumeration	-718276829	4	P	SQL_STORED_PROCEDURE	2026-08-27T10:22:58.620	2026-08-27T10:22:58.623
sp_articlefilter	-718194425	4	P	SQL_STORED_PROCEDURE	2026-08-27T10:22:42.210	2026-08-27T10:22:43.537
dm_db_xtp_object_stats	-717553525	4	V	VIEW	2026-08-27T10:23:45.403	2026-08-27T10:23:45.413
sp_set_session_context	-715290006	4	X	EXTENDED_STORED_PROCEDURE	2026-08-27T10:21:51.120	2026-08-27T10:21:51.157
sp_bindrule	-713274700	4	P	SQL_STORED_PROCEDURE	2026-08-27T10:21:40.950	2026-08-27T10:21:41.107
sp_MSset_subscription_properties	-712814795	4	P	SQL_STORED_PROCEDURE	2026-08-27T10:22:38.173	2026-08-27T10:22:38.590
sp_MSdrop_anonymous_entry	-712140127	4	P	SQL_STORED_PROCEDURE	2026-08-27T10:22:45.293	2026-08-27T10:22:45.593
sp_MSdodatabasesnapshotinitiation	-711055554	4	P	SQL_STORED_PROCEDURE	2026-08-27T10:22:43.097	2026-08-27T10:22:43.533
sp_dropmergefilter	-710881173	4	P	SQL_STORED_PROCEDURE	2026-08-27T10:22:54.833	2026-08-27T10:22:54.837
sp_MSreplupdateschema	-710746692	4	P	SQL_STORED_PROCEDURE	2026-08-27T10:22:43.070	2026-08-27T10:22:43.547
dm_fts_index_keywords_position_by_document	-710724260	4	IF	SQL_INLINE_TABLE_VALUED_FUNCTION	2026-08-27T10:21:42.367	2026-08-27T10:21:42.410
sp_cursorfetch	-709837699	4	X	EXTENDED_STORED_PROCEDURE	2026-08-27T10:21:51.080	2026-08-27T10:21:51.147
sp_mergedummyupdate	-709292410	4	P	SQL_STORED_PROCEDURE	2026-08-27T10:22:54.927	2026-08-27T10:22:54.930
sp_dropmergealternatepublisher	-709001410	4	P	SQL_STORED_PROCEDURE	2026-08-27T10:22:54.940	2026-08-27T10:22:54.943
dm_database_external_policy_role_actions	-708948676	4	V	VIEW	2026-08-27T10:21:47.917	2026-08-27T10:21:47.920
sp_addarticle	-708918924	4	P	SQL_STORED_PROCEDURE	2026-08-27T10:22:42.263	2026-08-27T10:22:43.537
sp_MScdc_db_ddl_event	-708257764	4	P	SQL_STORED_PROCEDURE	2026-08-27T10:22:48.173	2026-08-27T10:23:08.437
dm_filestream_non_transacted_handles	-708092877	4	V	VIEW	2026-08-27T10:22:00.223	2026-08-27T10:22:00.227
sp_stoppushsubscription_agent	-708000629	4	P	SQL_STORED_PROCEDURE	2026-08-27T10:22:40.613	2026-08-27T10:22:40.657
fn_helpdatatypemap	-705212384	4	TF	SQL_TABLE_VALUED_FUNCTION	2026-08-27T10:22:39.737	2026-08-27T10:22:40.650
sp_altermessage	-704610542	4	P	SQL_STORED_PROCEDURE	2026-08-27T10:22:03.617	2026-08-27T10:22:03.623
sp_migrate_user_to_contained	-704415003	4	X	EXTENDED_STORED_PROCEDURE	2026-08-27T10:22:01.370	2026-08-27T10:22:01.377
sp_MSunmarkifneeded	-702621138	4	P	SQL_STORED_PROCEDURE	2026-08-27T10:22:37.107	2026-08-27T10:23:02.173
sp_set_def_format_type_default_target	-702236193	4	X	EXTENDED_STORED_PROCEDURE	2026-08-27T10:22:12.570	2026-08-27T10:22:12.573
sp_MSchange_priority	-702090788	4	P	SQL_STORED_PROCEDURE	2026-08-27T10:22:37.377	2026-08-27T10:22:38.587
sp_clean_db_free_space	-701756037	4	P	SQL_STORED_PROCEDURE	2026-08-27T10:21:48.460	2026-08-27T10:21:48.663
sp_rda_set_rpo_duration	-701627147	4	X	EXTENDED_STORED_PROCEDURE	2026-08-27T10:22:19.237	2026-08-27T10:22:19.240
sp_MSenumchanges_belongtopartition	-701426807	4	P	SQL_STORED_PROCEDURE	2026-08-27T10:22:56.530	2026-08-27T10:22:56.533
fn_MSorbitmaps	-701331644	4	FN	SQL_SCALAR_FUNCTION	2026-08-27T10:22:58.437	2026-08-27T10:23:17.103
dm_external_policy_cache	-700367552	4	V	VIEW	2026-08-27T10:21:35.123	2026-08-27T10:21:35.127
sp_link_publication	-700339678	4	P	SQL_STORED_PROCEDURE	2026-08-27T10:22:37.610	2026-08-27T10:23:03.037
dm_change_event_stream_errors	-699959535	4	V	VIEW	2026-08-27T10:23:33.940	2026-08-27T10:23:33.977
sp_table_type_columns_100_rowset	-699853616	4	P	SQL_STORED_PROCEDURE	2026-08-27T10:22:27.367	2026-08-27T10:22:27.370
sp_MSdelrowsbatch_downloadonly	-699176614	4	P	SQL_STORED_PROCEDURE	2026-08-27T10:22:56.777	2026-08-27T10:22:56.780
sp_MSsetup_use_partition_groups	-697733640	4	P	SQL_STORED_PROCEDURE	2026-08-27T10:22:55.053	2026-08-27T10:22:55.057
sp_revoke_publication_access	-697532365	4	P	SQL_STORED_PROCEDURE	2026-08-27T10:22:40.300	2026-08-27T10:23:00.330
GeographyUnionAggregate	-697156117	4	AF	AGGREGATE_FUNCTION	2026-08-27T10:22:07.437	2026-08-27T10:22:07.460
sp_MSgetmetadata_changedlogicalrecordmembers	-695816818	4	P	SQL_STORED_PROCEDURE	2026-08-27T10:22:57.210	2026-08-27T10:22:57.213
sp_MSenumreplicas	-695717971	4	P	SQL_STORED_PROCEDURE	2026-08-27T10:22:56.503	2026-08-27T10:23:15.447
sp_MSmerge_getgencount	-695427808	4	P	SQL_STORED_PROCEDURE	2026-08-27T10:22:52.803	2026-08-27T10:22:52.807
ROUTINES	-693561101	3	V	VIEW	2026-08-27T10:22:30.023	2026-08-27T10:22:30.027
sp_replcmds	-693524826	4	X	EXTENDED_STORED_PROCEDURE	2026-08-27T10:22:38.560	2026-08-27T10:22:38.610
sp_indexes_90_rowset	-692824696	4	P	SQL_STORED_PROCEDURE	2026-08-27T10:22:27.410	2026-08-27T10:22:27.413
sp_MSevaluate_change_membership_for_all_articles_in_pubid	-692493763	4	P	SQL_STORED_PROCEDURE	2026-08-27T10:22:55.047	2026-08-27T10:22:55.050
sp_help_change_feed	-692372229	4	P	SQL_STORED_PROCEDURE	2026-08-27T10:22:51.187	2026-08-27T10:22:51.293
sp_tables_info_90_rowset_64	-692171622	4	P	SQL_STORED_PROCEDURE	2026-08-27T10:22:27.557	2026-08-27T10:22:27.560
sp_MSgetreplicainfo	-692094954	4	P	SQL_STORED_PROCEDURE	2026-08-27T10:22:56.667	2026-08-27T10:23:15.500
sp_MSenumdeletes_forpartition	-691015288	4	P	SQL_STORED_PROCEDURE	2026-08-27T10:22:56.523	2026-08-27T10:22:56.527
sp_user_counter7	-690436616	4	P	SQL_STORED_PROCEDURE	2026-08-27T10:21:48.350	2026-08-27T10:21:48.653
sp_MSmarkreinit	-690363220	4	P	SQL_STORED_PROCEDURE	2026-08-27T10:22:45.263	2026-08-27T10:22:45.597
sp_MSconflicttableexists	-690071751	4	P	SQL_STORED_PROCEDURE	2026-08-27T10:22:52.447	2026-08-27T10:22:52.450
dm_xe_session_targets	-689794237	4	V	VIEW	2026-08-27T10:21:48.130	2026-08-27T10:21:48.133
sp_MSadd_merge_anonymous_agent	-689650758	4	P	SQL_STORED_PROCEDURE	2026-08-27T10:22:45.230	2026-08-27T10:22:45.587
sp_MSget_repl_commands	-689336653	4	P	SQL_STORED_PROCEDURE	2026-08-27T10:22:44.943	2026-08-27T10:23:09.757
sp_external_policy_refresh	-688909995	4	X	EXTENDED_STORED_PROCEDURE	2026-08-27T10:21:48.770	2026-08-27T10:21:48.773
sp_stopmergepushsubscription_agent	-688705830	4	P	SQL_STORED_PROCEDURE	2026-08-27T10:22:40.620	2026-08-27T10:22:40.657
sp_MSdroptemptable	-688618460	4	P	SQL_STORED_PROCEDURE	2026-08-27T10:22:56.417	2026-08-27T10:22:56.420
sp_MSrepl_linkedservers_rowset	-687835931	4	P	SQL_STORED_PROCEDURE	2026-08-27T10:22:38.183	2026-08-27T10:23:03.907
sp_primary_keys_rowset2	-687516047	4	P	SQL_STORED_PROCEDURE	2026-08-27T10:22:27.457	2026-08-27T10:22:27.460
dm_sql_referencing_entities	-686951493	4	IF	SQL_INLINE_TABLE_VALUED_FUNCTION	2026-08-27T10:21:50.983	2026-08-27T10:21:50.987
dm_audit_actions	-686562332	4	V	VIEW	2026-08-27T10:21:35.137	2026-08-27T10:21:35.140
sp_MSpeerconflictdetection_statuscollection_sendresponse	-686252797	4	P	SQL_STORED_PROCEDURE	2026-08-27T10:22:43.517	2026-08-27T10:22:43.560
dm_tran_orphaned_distributed_transactions	-684568400	4	V	VIEW	2026-08-27T10:21:48.623	2026-08-27T10:21:48.627
sp_MSmerge_upgrade_subscriber	-684519142	4	P	SQL_STORED_PROCEDURE	2026-08-27T10:22:37.783	2026-08-27T10:23:03.373
dm_hadr_availability_group_states	-683019598	4	V	VIEW	2026-08-27T10:21:48.513	2026-08-27T10:21:48.520
sp_MSdeletepeerconflictrow	-681967304	4	P	SQL_STORED_PROCEDURE	2026-08-27T10:22:43.030	2026-08-27T10:22:43.547
sp_MSgetversion	-681539103	4	P	SQL_STORED_PROCEDURE	2026-08-27T10:22:40.627	2026-08-27T10:22:40.657
sp_helptracertokens	-681271668	4	P	SQL_STORED_PROCEDURE	2026-08-27T10:22:43.103	2026-08-27T10:22:43.550
sp_MSmap_partitionid_to_generations	-680927001	4	P	SQL_STORED_PROCEDURE	2026-08-27T10:22:57.217	2026-08-27T10:22:57.220
sp_xtp_unbind_db_resource_pool	-680862467	4	P	SQL_STORED_PROCEDURE	2026-08-27T10:23:45.593	2026-08-27T10:23:45.597
database_query_store_options	-680277963	4	V	VIEW	2026-08-27T10:22:13.870	2026-08-27T10:22:13.873
sp_MSmerge_alterview	-679478864	4	P	SQL_STORED_PROCEDURE	2026-08-27T10:22:37.090	2026-08-27T10:23:02.140
sp_mergemetadataretentioncleanup	-677964155	4	P	SQL_STORED_PROCEDURE	2026-08-27T10:22:52.750	2026-08-27T10:23:12.167
sp_MScreate_logical_record_views	-677950244	4	P	SQL_STORED_PROCEDURE	2026-08-27T10:22:54.703	2026-08-27T10:23:13.560
sp_MSpostapplyscript_forsubscriberprocs	-676846267	4	P	SQL_STORED_PROCEDURE	2026-08-27T10:22:56.863	2026-08-27T10:23:15.660
sp_table_privileges	-676658567	4	P	SQL_STORED_PROCEDURE	2026-08-27T10:22:27.190	2026-08-27T10:22:27.193
sp_auto_tuning_create_workflow	-676476935	4	P	SQL_STORED_PROCEDURE	2026-08-27T10:22:22.460	2026-08-27T10:22:22.470
sp_user_counter5	-676338660	4	P	SQL_STORED_PROCEDURE	2026-08-27T10:21:48.350	2026-08-27T10:21:48.653
fn_MSrepl_map_resolver_clsid	-676201881	4	FN	SQL_SCALAR_FUNCTION	2026-08-27T10:22:54.050	2026-08-27T10:22:54.053
sp_MSgetrowmetadata	-675479137	4	P	SQL_STORED_PROCEDURE	2026-08-27T10:22:56.563	2026-08-27T10:22:56.567
dm_os_ring_buffers	-675193454	4	V	VIEW	2026-08-27T10:21:48.067	2026-08-27T10:21:48.070
dm_request_phases	-674136502	4	V	VIEW	2026-08-27T10:21:47.990	2026-08-27T10:21:47.993
sp_unprepare	-674036617	4	X	EXTENDED_STORED_PROCEDURE	2026-08-27T10:21:51.090	2026-08-27T10:21:51.150
sp_check_join_filter	-673990215	4	P	SQL_STORED_PROCEDURE	2026-08-27T10:22:55.070	2026-08-27T10:22:55.073
sp_denylogin	-673961798	4	P	SQL_STORED_PROCEDURE	2026-08-27T10:22:01.357	2026-08-27T10:22:01.377
sp_MSadjust_pub_identity	-673856288	4	P	SQL_STORED_PROCEDURE	2026-08-27T10:22:45.280	2026-08-27T10:22:45.597
sp_MShelptype	-673346287	4	P	SQL_STORED_PROCEDURE	2026-08-27T10:23:30.257	2026-08-27T10:23:30.420
sp_approlepassword	-673068117	4	P	SQL_STORED_PROCEDURE	2026-08-27T10:21:37.457	2026-08-27T10:21:37.523
fn_hadr_backup_is_preferred_replica	-672549861	4	FN	SQL_SCALAR_FUNCTION	2026-08-27T10:21:48.540	2026-08-27T10:21:48.543
sp_helpmergesubscription	-672349506	4	P	SQL_STORED_PROCEDURE	2026-08-27T10:22:54.777	2026-08-27T10:23:13.610
dm_hadr_physical_seeding_stats	-672085049	4	V	VIEW	2026-08-27T10:21:48.627	2026-08-27T10:21:48.630
sp_restoredbreplication	-671093052	4	P	SQL_STORED_PROCEDURE	2026-08-27T10:22:38.140	2026-08-27T10:23:03.777
sp_script_reconciliation_insproc	-670940363	4	P	SQL_STORED_PROCEDURE	2026-08-27T10:22:42.873	2026-08-27T10:22:43.540
sp_cdc_add_job	-669951905	4	P	SQL_STORED_PROCEDURE	2026-08-27T10:22:48.457	2026-08-27T10:22:48.597
sp_helpfile	-669885142	4	P	SQL_STORED_PROCEDURE	2026-08-27T10:21:48.300	2026-08-27T10:21:48.650
sp_addpublication	-669672159	4	P	SQL_STORED_PROCEDURE	2026-08-27T10:22:41.973	2026-08-27T10:22:43.533
sp_resyncprepare	-668916574	4	X	EXTENDED_STORED_PROCEDURE	2026-08-27T10:21:51.093	2026-08-27T10:21:51.150
sp_validlang	-668751203	4	P	SQL_STORED_PROCEDURE	2026-08-27T10:21:30.457	2026-08-27T10:21:30.477
sp_removesrvreplication	-668591876	4	P	SQL_STORED_PROCEDURE	2026-08-27T10:22:37.703	2026-08-27T10:23:03.230
sp_addtabletocontents	-667871536	4	P	SQL_STORED_PROCEDURE	2026-08-27T10:22:54.930	2026-08-27T10:22:54.933
xp_instance_regwrite	-667627516	4	X	EXTENDED_STORED_PROCEDURE	2026-08-27T10:23:28.967	2026-08-27T10:23:29.040
sp_MSget_latest_peerlsn	-667462305	4	P	SQL_STORED_PROCEDURE	2026-08-27T10:22:41.910	2026-08-27T10:22:43.537
dm_db_xtp_table_memory_stats	-667123516	4	V	VIEW	2026-08-27T10:23:45.457	2026-08-27T10:23:45.460
DOMAIN_CONSTRAINTS	-666781024	3	V	VIEW	2026-08-27T10:22:29.987	2026-08-27T10:22:29.990
xp_sysmail_activate	-666611489	4	X	EXTENDED_STORED_PROCEDURE	2026-08-27T10:23:28.980	2026-08-27T10:23:29.037
sp_OADestroy	-666381623	4	X	EXTENDED_STORED_PROCEDURE	2026-08-27T10:23:24.560	2026-08-27T10:23:24.570
fn_hadr_is_primary_replica	-665919249	4	FN	SQL_SCALAR_FUNCTION	2026-08-27T10:21:48.523	2026-08-27T10:21:48.527
sp_MSmakeconflictinsertproc	-664376593	4	P	SQL_STORED_PROCEDURE	2026-08-27T10:22:56.717	2026-08-27T10:23:15.520
sp_help_spatial_geography_index	-664315207	4	P	SQL_STORED_PROCEDURE	2026-08-27T10:22:08.603	2026-08-27T10:22:08.607
sp_MScreatemergedynamicsnapshot	-663785510	4	P	SQL_STORED_PROCEDURE	2026-08-27T10:22:54.993	2026-08-27T10:23:13.917
dm_db_missing_index_groups	-663312131	4	V	VIEW	2026-08-27T10:21:46.820	2026-08-27T10:21:46.823
sp_cursor	-662807758	4	X	EXTENDED_STORED_PROCEDURE	2026-08-27T10:21:51.080	2026-08-27T10:21:51.147
sp_dropmergesubscription	-661933884	4	P	SQL_STORED_PROCEDURE	2026-08-27T10:22:54.787	2026-08-27T10:23:13.620
sp_MSinitdynamicsubscriber	-661642878	4	P	SQL_STORED_PROCEDURE	2026-08-27T10:22:56.560	2026-08-27T10:22:56.563
dm_hadr_cluster_members	-661340934	4	V	VIEW	2026-08-27T10:21:48.523	2026-08-27T10:21:48.527
fn_repladjustcolumnmap	-661149850	4	FN	SQL_SCALAR_FUNCTION	2026-08-27T10:22:36.937	2026-08-27T10:23:02.020
sp_dropdevice	-659208155	4	P	SQL_STORED_PROCEDURE	2026-08-27T10:21:39.760	2026-08-27T10:21:39.770
sp_MSreinit_subscription	-658475805	4	P	SQL_STORED_PROCEDURE	2026-08-27T10:22:45.270	2026-08-27T10:23:10.283
dm_db_uncontained_entities	-657753107	4	V	VIEW	2026-08-27T10:21:51.050	2026-08-27T10:21:51.053
sp_MShelpcolumns	-657136814	4	P	SQL_STORED_PROCEDURE	2026-08-27T10:23:30.240	2026-08-27T10:23:30.420
sp_createorphan	-656545058	4	X	EXTENDED_STORED_PROCEDURE	2026-08-27T10:21:51.090	2026-08-27T10:21:51.150
sp_help_spatial_geography_index_xml	-656319302	4	P	SQL_STORED_PROCEDURE	2026-08-27T10:22:08.607	2026-08-27T10:22:08.610
sp_drop_format_type	-656154175	4	X	EXTENDED_STORED_PROCEDURE	2026-08-27T10:22:12.573	2026-08-27T10:22:12.577
dm_exec_cached_plans	-655991572	4	V	VIEW	2026-08-27T10:21:51.023	2026-08-27T10:21:51.027
sp_helprotect	-655964121	4	P	SQL_STORED_PROCEDURE	2026-08-27T10:21:35.173	2026-08-27T10:21:35.230
dm_hadr_availability_replica_cluster_states	-655454781	4	V	VIEW	2026-08-27T10:21:48.500	2026-08-27T10:21:48.503
sp_prop_oledb_provider	-653838932	4	P	SQL_STORED_PROCEDURE	2026-08-27T10:23:28.990	2026-08-27T10:23:29.027
sp_xcs_mark_column_relation	-653733447	4	X	EXTENDED_STORED_PROCEDURE	2026-08-27T10:21:48.720	2026-08-27T10:21:48.723
sp_catalogs_rowset_rmt	-653545288	4	P	SQL_STORED_PROCEDURE	2026-08-27T10:22:27.257	2026-08-27T10:22:27.260
sp_MSenumerate_PAL	-651912730	4	P	SQL_STORED_PROCEDURE	2026-08-27T10:22:45.253	2026-08-27T10:22:45.597
user_token	-651866945	4	V	VIEW	2026-08-27T10:21:35.077	2026-08-27T10:21:35.080
dm_exec_sessions	-651118071	4	V	VIEW	2026-08-27T10:21:47.997	2026-08-27T10:21:48
sp_reserve_http_namespace	-651049527	4	X	EXTENDED_STORED_PROCEDURE	2026-08-27T10:22:04.697	2026-08-27T10:22:04.707
sp_column_privileges_rowset	-650770806	4	P	SQL_STORED_PROCEDURE	2026-08-27T10:22:27.267	2026-08-27T10:22:27.277
fn_yukonsecuritymodelrequired	-650457639	4	FN	SQL_SCALAR_FUNCTION	2026-08-27T10:22:39.773	2026-08-27T10:22:40.653
sp_MSproxiedmetadatabatch	-649911850	4	P	SQL_STORED_PROCEDURE	2026-08-27T10:22:57.077	2026-08-27T10:22:57.080
sp_cdc_scan	-649555925	4	P	SQL_STORED_PROCEDURE	2026-08-27T10:22:48.150	2026-08-27T10:23:08.423
fn_MSgeneration_downloadonly	-649029873	4	FN	SQL_SCALAR_FUNCTION	2026-08-27T10:22:57.220	2026-08-27T10:22:57.223
sp_MSscript_sync_upd_proc	-648564950	4	P	SQL_STORED_PROCEDURE	2026-08-27T10:22:42.727	2026-08-27T10:22:43.543
sp_MSsubscriptionvalidated	-648065896	4	P	SQL_STORED_PROCEDURE	2026-08-27T10:22:57.067	2026-08-27T10:22:57.070
fn_get_audit_file	-647968877	4	IF	SQL_INLINE_TABLE_VALUED_FUNCTION	2026-08-27T10:21:35.133	2026-08-27T10:21:35.137
xp_delete_file	-647312345	4	X	EXTENDED_STORED_PROCEDURE	2026-08-27T10:23:28.980	2026-08-27T10:23:29.023
sp_delete_database_engine_configuration_internal	-646676260	4	X	EXTENDED_STORED_PROCEDURE	2026-08-27T10:21:48.760	2026-08-27T10:21:48.763
xp_instance_regenumkeys	-646240824	4	X	EXTENDED_STORED_PROCEDURE	2026-08-27T10:23:28.970	2026-08-27T10:23:29.017
sp_verify_connection_options	-645843722	4	P	SQL_STORED_PROCEDURE	2026-08-27T10:22:46.967	2026-08-27T10:22:46.983
sp_provider_types_90_rowset	-644937201	4	P	SQL_STORED_PROCEDURE	2026-08-27T10:22:27.653	2026-08-27T10:22:27.657
dm_db_stats_properties	-644579219	4	IF	SQL_INLINE_TABLE_VALUED_FUNCTION	2026-08-27T10:21:46.827	2026-08-27T10:21:46.830
sp_MSproxiedmetadata	-644274964	4	P	SQL_STORED_PROCEDURE	2026-08-27T10:22:57.073	2026-08-27T10:22:57.077
sp_executesql	-644251838	4	X	EXTENDED_STORED_PROCEDURE	2026-08-27T10:21:51.090	2026-08-27T10:21:51.150
sp_MSenumgenerations90	-643983114	4	P	SQL_STORED_PROCEDURE	2026-08-27T10:22:56.490	2026-08-27T10:23:15.423
dm_broker_forwarded_messages	-643693676	4	V	VIEW	2026-08-27T10:21:55.813	2026-08-27T10:21:55.817
sp_MSrepl_helparticlermo	-642083322	4	P	SQL_STORED_PROCEDURE	2026-08-27T10:22:42.120	2026-08-27T10:22:43.533
dm_resource_governor_resource_pools	-641734695	4	V	VIEW	2026-08-27T10:21:48.167	2026-08-27T10:21:48.170
sp_cdc_help_jobs	-641230130	4	P	SQL_STORED_PROCEDURE	2026-08-27T10:22:48.473	2026-08-27T10:22:48.597
xp_regremovemultistring	-641096163	4	X	EXTENDED_STORED_PROCEDURE	2026-08-27T10:23:28.963	2026-08-27T10:23:29.043
sp_MSdrop_merge_subscription	-640836687	4	P	SQL_STORED_PROCEDURE	2026-08-27T10:22:45.193	2026-08-27T10:23:10.157
sp_internal_alter_nt_job_limits	-640680405	4	X	EXTENDED_STORED_PROCEDURE	2026-08-27T10:21:48.280	2026-08-27T10:21:48.283
dm_os_volume_stats	-638989397	4	IF	SQL_INLINE_TABLE_VALUED_FUNCTION	2026-08-27T10:21:48.103	2026-08-27T10:21:48.107
sp_MSreinit_hub	-638395394	4	P	SQL_STORED_PROCEDURE	2026-08-27T10:22:54.650	2026-08-27T10:22:54.653
sp_addmergepublication	-638230576	4	P	SQL_STORED_PROCEDURE	2026-08-27T10:22:54.380	2026-08-27T10:23:13.473
sp_xtp_checkpoint_force_garbage_collection	-637733420	4	P	SQL_STORED_PROCEDURE	2026-08-27T10:23:45.547	2026-08-27T10:23:45.550
sp_MSdependencies	-637221175	4	P	SQL_STORED_PROCEDURE	2026-08-27T10:23:30.270	2026-08-27T10:23:30.420
dm_os_memory_clerks	-637153227	4	V	VIEW	2026-08-27T10:21:48.060	2026-08-27T10:21:48.063
sp_syspolicy_update_ddl_trigger	-636343434	4	P	SQL_STORED_PROCEDURE	2026-08-27T10:22:31.497	2026-08-27T10:22:31.590
sp_indexes	-635918266	4	P	SQL_STORED_PROCEDURE	2026-08-27T10:22:26.933	2026-08-27T10:22:26.937
sp_enumeratependingschemachanges	-635594603	4	P	SQL_STORED_PROCEDURE	2026-08-27T10:22:56.640	2026-08-27T10:22:56.643
sp_deletetracertokenhistory	-634971701	4	P	SQL_STORED_PROCEDURE	2026-08-27T10:22:43.110	2026-08-27T10:22:43.550
sp_MSscriptsubscriberprocs	-634691821	4	P	SQL_STORED_PROCEDURE	2026-08-27T10:22:56.870	2026-08-27T10:23:15.673
sp_showmemo_xml	-633421891	4	X	EXTENDED_STORED_PROCEDURE	2026-08-27T10:22:10.767	2026-08-27T10:22:10.770
fn_GetRowsetIdFromRowDump	-633331936	4	FN	SQL_SCALAR_FUNCTION	2026-08-27T10:21:48.390	2026-08-27T10:21:48.660
sp_drop_storage_location	-631681005	4	X	EXTENDED_STORED_PROCEDURE	2026-08-27T10:22:12.573	2026-08-27T10:22:12.577
xp_dirtree	-630944181	4	X	EXTENDED_STORED_PROCEDURE	2026-08-27T10:23:28.973	2026-08-27T10:23:29.047
sp_vupgrade_replication	-630808007	4	P	SQL_STORED_PROCEDURE	2026-08-27T10:22:38.100	2026-08-27T10:23:03.680
sp_rda_set_query_mode	-630781687	4	X	EXTENDED_STORED_PROCEDURE	2026-08-27T10:22:19.227	2026-08-27T10:22:19.230
sp_remove_object_from_event_stream_group	-630705973	4	P	SQL_STORED_PROCEDURE	2026-08-27T10:23:33.923	2026-08-27T10:23:33.973
dm_hadr_auto_page_repair	-629792996	4	V	VIEW	2026-08-27T10:21:48.210	2026-08-27T10:21:48.213
sp_procedure_params_managed	-628488711	4	P	SQL_STORED_PROCEDURE	2026-08-27T10:22:28.837	2026-08-27T10:22:28.840
sp_helpdatatypemap	-628298262	4	P	SQL_STORED_PROCEDURE	2026-08-27T10:22:40.447	2026-08-27T10:22:40.650
sp_replqueuemonitor	-627605568	4	P	SQL_STORED_PROCEDURE	2026-08-27T10:22:43.050	2026-08-27T10:23:06.723
sp_create_openrowset_statistics	-627347198	4	X	EXTENDED_STORED_PROCEDURE	2026-08-27T10:22:12.507	2026-08-27T10:22:12.510
sp_change_agent_parameter	-627340257	4	P	SQL_STORED_PROCEDURE	2026-08-27T10:22:40.247	2026-08-27T10:22:40.643
sp_MSacquireserverresourcefordynamicsnapshot	-627158907	4	P	SQL_STORED_PROCEDURE	2026-08-27T10:22:36.903	2026-08-27T10:23:01.987
sp_cloud_update_blob_tier	-626096586	4	X	EXTENDED_STORED_PROCEDURE	2026-08-27T10:21:48.673	2026-08-27T10:21:48.677
sp_addmergepushsubscription_agent	-625741803	4	P	SQL_STORED_PROCEDURE	2026-08-27T10:22:55.183	2026-08-27T10:23:14.180
sp_MSgetrowmetadatalightweight	-625495134	4	P	SQL_STORED_PROCEDURE	2026-08-27T10:22:58.607	2026-08-27T10:22:58.610
sp_MShelp_snapshot_agent	-625196212	4	P	SQL_STORED_PROCEDURE	2026-08-27T10:22:45.350	2026-08-27T10:23:10.427
sp_MShelpmergearticles	-625012206	4	P	SQL_STORED_PROCEDURE	2026-08-27T10:22:56.380	2026-08-27T10:23:15.323
sp_repl_generate_sync_status_event	-624795915	4	X	EXTENDED_STORED_PROCEDURE	2026-08-27T10:22:38.570	2026-08-27T10:22:38.610
sp_query_store_remove_query	-624488867	4	X	EXTENDED_STORED_PROCEDURE	2026-08-27T10:22:13.853	2026-08-27T10:22:13.857
sp_MSchange_publication	-624464513	4	P	SQL_STORED_PROCEDURE	2026-08-27T10:22:45.177	2026-08-27T10:23:10.113
dm_db_xtp_memory_consumers	-624118073	4	V	VIEW	2026-08-27T10:23:45.430	2026-08-27T10:23:45.433
sp_change_feed_is_slo_allowed	-622490953	4	X	EXTENDED_STORED_PROCEDURE	2026-08-27T10:22:51.240	2026-08-27T10:22:51.293
sp_markpendingschemachange	-621580645	4	P	SQL_STORED_PROCEDURE	2026-08-27T10:22:56.640	2026-08-27T10:22:56.643
sp_MSaddmergetriggers_from_template	-620314951	4	P	SQL_STORED_PROCEDURE	2026-08-27T10:22:52.650	2026-08-27T10:22:52.653
sp_defaultlanguage	-619723917	4	P	SQL_STORED_PROCEDURE	2026-08-27T10:22:01.363	2026-08-27T10:22:01.377
sp_repladdcolumn	-619390842	4	P	SQL_STORED_PROCEDURE	2026-08-27T10:22:38.280	2026-08-27T10:22:38.610
dm_repl_articles	-618821265	4	V	VIEW	2026-08-27T10:22:43.420	2026-08-27T10:22:43.560
sp_can_tlog_be_applied	-618707867	4	P	SQL_STORED_PROCEDURE	2026-08-27T10:22:46.940	2026-08-27T10:22:46.983
sp_indexes_managed	-618096095	4	P	SQL_STORED_PROCEDURE	2026-08-27T10:22:28.863	2026-08-27T10:22:28.867
GeographyEnvelopeAggregate	-617676854	4	AF	AGGREGATE_FUNCTION	2026-08-27T10:22:07.443	2026-08-27T10:22:07.460
sp_MSmerge_parsegenlist	-617563979	4	P	SQL_STORED_PROCEDURE	2026-08-27T10:22:52.807	2026-08-27T10:22:52.810
xp_regwrite	-617516226	4	X	EXTENDED_STORED_PROCEDURE	2026-08-27T10:23:28.960	2026-08-27T10:23:29.043
sp_delete_log_shipping_secondary_primary	-616599893	4	P	SQL_STORED_PROCEDURE	2026-08-27T10:22:46.843	2026-08-27T10:22:46.980
sp_enclave_send_keys	-616354605	4	X	EXTENDED_STORED_PROCEDURE	2026-08-27T10:21:37.520	2026-08-27T10:21:37.523
sp_special_columns_100	-615841977	4	P	SQL_STORED_PROCEDURE	2026-08-27T10:22:27.113	2026-08-27T10:22:27.117
sp_adduser	-614440514	4	P	SQL_STORED_PROCEDURE	2026-08-27T10:21:37.443	2026-08-27T10:21:37.537
dm_xe_session_events	-614120937	4	V	VIEW	2026-08-27T10:21:48.127	2026-08-27T10:21:48.130
fn_external_policy_actions_assigned_to_principal	-613427072	4	TF	SQL_TABLE_VALUED_FUNCTION	2026-08-27T10:21:37.503	2026-08-27T10:21:37.507
sp_requestpeertopologyinfo	-613415975	4	P	SQL_STORED_PROCEDURE	2026-08-27T10:22:43.337	2026-08-27T10:22:43.557
sp_MSadd_mergesubentry_indistdb	-612988826	4	P	SQL_STORED_PROCEDURE	2026-08-27T10:22:45.453	2026-08-27T10:22:45.593
sp_use_dw_db_by_physical_id	-612290091	4	X	EXTENDED_STORED_PROCEDURE	2026-08-27T10:22:12.657	2026-08-27T10:22:12.660
sp_drop_openrowset_statistics	-612279098	4	X	EXTENDED_STORED_PROCEDURE	2026-08-27T10:22:12.510	2026-08-27T10:22:12.513
sp_MSpublicationcleanup	-611631759	4	P	SQL_STORED_PROCEDURE	2026-08-27T10:22:37.477	2026-08-27T10:23:02.797
dm_db_internal_auto_tuning_create_index_recommendations	-611524924	4	V	VIEW	2026-08-27T10:22:22.487	2026-08-27T10:22:22.490
dm_external_script_requests	-611131535	4	V	VIEW	2026-08-27T10:21:48.183	2026-08-27T10:21:48.187
sp_MShelpindex	-610626372	4	P	SQL_STORED_PROCEDURE	2026-08-27T10:23:30.250	2026-08-27T10:23:30.420
sp_trident_create_credential_to_access_test_data_storage	-610115446	4	X	EXTENDED_STORED_PROCEDURE	2026-08-27T10:22:12.603	2026-08-27T10:22:12.607
sp_cdc_disable_db	-609854150	4	P	SQL_STORED_PROCEDURE	2026-08-27T10:22:48.377	2026-08-27T10:22:48.593
sp_replmonitorsubscriptionpendingcmds	-609593864	4	P	SQL_STORED_PROCEDURE	2026-08-27T10:22:45.423	2026-08-27T10:23:10.560
dm_database_external_policy_actions	-609067623	4	V	VIEW	2026-08-27T10:21:47.907	2026-08-27T10:21:47.913
sp_tables_info_rowset2	-608537390	4	P	SQL_STORED_PROCEDURE	2026-08-27T10:22:27.547	2026-08-27T10:22:27.550
dm_logpoolmgr_freepools	-607142222	4	IF	SQL_INLINE_TABLE_VALUED_FUNCTION	2026-08-27T10:21:48.230	2026-08-27T10:21:48.233
sp_MSstopsnapshot_agent	-605853368	4	P	SQL_STORED_PROCEDURE	2026-08-27T10:22:45.457	2026-08-27T10:22:45.610
sp_indexcolumns_managed	-605630320	4	P	SQL_STORED_PROCEDURE	2026-08-27T10:22:28.870	2026-08-27T10:22:28.873
sp_MSsetlastsentgen	-605435379	4	P	SQL_STORED_PROCEDURE	2026-08-27T10:22:56.480	2026-08-27T10:23:15.413
fn_hadr_is_same_replica	-604437957	4	FN	SQL_SCALAR_FUNCTION	2026-08-27T10:21:48.483	2026-08-27T10:21:48.487
sp_delete_backup	-602825029	4	P	SQL_STORED_PROCEDURE	2026-08-27T10:21:48.460	2026-08-27T10:21:48.663
sp_helpsubscriptionerrors	-602131058	4	P	SQL_STORED_PROCEDURE	2026-08-27T10:22:45.477	2026-08-27T10:22:45.610
sp_MSGetCurrentPrincipal	-601140131	4	P	SQL_STORED_PROCEDURE	2026-08-27T10:22:36.647	2026-08-27T10:22:38.610
dm_dw_tran_manager_abort_cache	-599828674	4	V	VIEW	2026-08-27T10:21:48.597	2026-08-27T10:21:48.600
sp_cdc_vupgrade	-599786379	4	P	SQL_STORED_PROCEDURE	2026-08-27T10:22:48.500	2026-08-27T10:22:48.597
sp_indexes_100_rowset	-599432129	4	P	SQL_STORED_PROCEDURE	2026-08-27T10:22:27.420	2026-08-27T10:22:27.423
dm_fts_memory_buffers	-599325421	4	V	VIEW	2026-08-27T10:21:42.253	2026-08-27T10:21:42.257
sp_assembly_dependencies_rowset_rmt	-599216407	4	P	SQL_STORED_PROCEDURE	2026-08-27T10:22:27.637	2026-08-27T10:22:27.640
sp_changesubscriber	-598111981	4	P	SQL_STORED_PROCEDURE	2026-08-27T10:22:39.937	2026-08-27T10:22:40.640
dm_fts_index_population	-596959306	4	V	VIEW	2026-08-27T10:21:42.260	2026-08-27T10:21:42.263
sp_columns_ex	-596525003	4	P	SQL_STORED_PROCEDURE	2026-08-27T10:22:27.017	2026-08-27T10:22:27.020
CONSTRAINT_COLUMN_USAGE	-595902434	3	V	VIEW	2026-08-27T10:22:30.010	2026-08-27T10:22:30.013
sp_MSsettopology	-595674702	4	P	SQL_STORED_PROCEDURE	2026-08-27T10:23:30.323	2026-08-27T10:23:30.423
sp_query_store_remove_plan_feedback	-595595096	4	X	EXTENDED_STORED_PROCEDURE	2026-08-27T10:22:13.873	2026-08-27T10:22:13.877
securable_classes	-595552097	4	V	VIEW	2026-08-27T10:21:35.083	2026-08-27T10:21:35.087
xp_sqlagent_is_starting	-595342283	4	X	EXTENDED_STORED_PROCEDURE	2026-08-27T10:23:28.973	2026-08-27T10:23:29.033
sp_addsrvrolemember	-595219695	4	P	SQL_STORED_PROCEDURE	2026-08-27T10:22:01.333	2026-08-27T10:22:01.377
dm_db_rda_migration_status	-595068698	4	V	VIEW	2026-08-27T10:22:19.203	2026-08-27T10:22:19.210
sp_MSdropdynsnapshotvws	-594989774	4	P	SQL_STORED_PROCEDURE	2026-08-27T10:22:57.193	2026-08-27T10:22:57.197
sp_getdefaultdatatypemapping	-594780470	4	P	SQL_STORED_PROCEDURE	2026-08-27T10:22:40.470	2026-08-27T10:22:40.650
sp_user_counter3	-594499778	4	P	SQL_STORED_PROCEDURE	2026-08-27T10:21:48.350	2026-08-27T10:21:48.653
sp_trident_create_delta_checkpoint	-594135031	4	X	EXTENDED_STORED_PROCEDURE	2026-08-27T10:22:12.630	2026-08-27T10:22:12.633
dm_tran_current_transaction	-594107644	4	V	VIEW	2026-08-27T10:21:48.183	2026-08-27T10:21:48.187
dm_os_cluster_properties	-593859324	4	V	VIEW	2026-08-27T10:21:48.247	2026-08-27T10:21:48.250
sp_refresh_snapshot_views	-593027684	4	P	SQL_STORED_PROCEDURE	2026-08-27T10:22:21.343	2026-08-27T10:22:21.350
dm_os_child_instances	-592772559	4	V	VIEW	2026-08-27T10:21:35.087	2026-08-27T10:21:35.090
GeometryConvexHullAggregate	-592356206	4	AF	AGGREGATE_FUNCTION	2026-08-27T10:22:07.407	2026-08-27T10:22:07.460
sp_cursoropen	-591632821	4	X	EXTENDED_STORED_PROCEDURE	2026-08-27T10:21:51.080	2026-08-27T10:21:51.147
sp_columns_90_rowset2	-591566892	4	P	SQL_STORED_PROCEDURE	2026-08-27T10:22:27.347	2026-08-27T10:22:27.350
sp_mergesubscriptionsummary	-590847768	4	P	SQL_STORED_PROCEDURE	2026-08-27T10:22:40.430	2026-08-27T10:23:00.610
sp_helppublication_snapshot	-590552658	4	P	SQL_STORED_PROCEDURE	2026-08-27T10:22:40.603	2026-08-27T10:22:40.653
sp_sqlagent_start_job	-590243430	4	P	SQL_STORED_PROCEDURE	2026-08-27T10:22:32.670	2026-08-27T10:22:32.673
sp_MSadddynamicsnapshotjobatdistributor	-590128443	4	P	SQL_STORED_PROCEDURE	2026-08-27T10:22:45.300	2026-08-27T10:22:45.600
dm_exec_connections	-589966475	4	V	VIEW	2026-08-27T10:21:47.957	2026-08-27T10:21:47.960
sp_fido_set_ddl_step	-589848496	4	X	EXTENDED_STORED_PROCEDURE	2026-08-27T10:21:48.690	2026-08-27T10:21:48.693
sp_helpreplicationdb	-589736438	4	P	SQL_STORED_PROCEDURE	2026-08-27T10:22:39.883	2026-08-27T10:22:40.637
sp_cdc_set_scheduler_job	-589685447	4	X	EXTENDED_STORED_PROCEDURE	2026-08-27T10:22:48.590	2026-08-27T10:22:48.597
dm_server_memory_dumps	-588755688	4	V	VIEW	2026-08-27T10:22:09.670	2026-08-27T10:22:09.680
sp_help_fulltext_system_components	-588581985	4	P	SQL_STORED_PROCEDURE	2026-08-27T10:21:56.947	2026-08-27T10:21:56.950
sp_check_removable	-587881273	4	P	SQL_STORED_PROCEDURE	2026-08-27T10:21:39.757	2026-08-27T10:21:39.770
sp_replwritetovarbin	-586986478	4	X	EXTENDED_STORED_PROCEDURE	2026-08-27T10:22:43.530	2026-08-27T10:22:43.533
sp_metadata_sync_connector_add	-586261722	4	P	SQL_STORED_PROCEDURE	2026-08-27T10:22:12.537	2026-08-27T10:22:12.540
sp_get_table_card_est_and_avg_col_len	-584340466	4	X	EXTENDED_STORED_PROCEDURE	2026-08-27T10:22:12.530	2026-08-27T10:22:12.533
sp_MSget_jobstate	-584191947	4	P	SQL_STORED_PROCEDURE	2026-08-27T10:22:38.187	2026-08-27T10:23:03.920
sp_MSfast_delete_trans	-583720452	4	P	SQL_STORED_PROCEDURE	2026-08-27T10:22:45.073	2026-08-27T10:22:45.587
sp_resolve_logins	-583520430	4	P	SQL_STORED_PROCEDURE	2026-08-27T10:22:46.950	2026-08-27T10:23:18.467
xp_regaddmultistring	-582645071	4	X	EXTENDED_STORED_PROCEDURE	2026-08-27T10:23:28.963	2026-08-27T10:23:29.040
xp_regdeletekey	-581928786	4	X	EXTENDED_STORED_PROCEDURE	2026-08-27T10:23:28.967	2026-08-27T10:23:29.040
sp_MScreateglobalreplica	-580862039	4	P	SQL_STORED_PROCEDURE	2026-08-27T10:22:56.687	2026-08-27T10:22:56.690
sp_MScheck_merge_subscription_count	-580383777	4	P	SQL_STORED_PROCEDURE	2026-08-27T10:22:45.483	2026-08-27T10:22:45.610
sp_MSget_shared_agent	-579791752	4	P	SQL_STORED_PROCEDURE	2026-08-27T10:22:38.323	2026-08-27T10:23:04.207
sp_changemergepullsubscription	-579444698	4	P	SQL_STORED_PROCEDURE	2026-08-27T10:22:37.400	2026-08-27T10:23:02.660
sp_linkedservers	-578872629	4	P	SQL_STORED_PROCEDURE	2026-08-27T10:22:26.923	2026-08-27T10:22:26.927
sp_resign_database	-578368397	4	P	SQL_STORED_PROCEDURE	2026-08-27T10:21:37.517	2026-08-27T10:21:37.523
sp_pkeys	-578325919	4	P	SQL_STORED_PROCEDURE	2026-08-27T10:22:27.087	2026-08-27T10:22:27.090
sp_rda_reauthorize_db	-577059800	4	X	EXTENDED_STORED_PROCEDURE	2026-08-27T10:22:19.223	2026-08-27T10:22:19.227
sp_constr_col_usage_rowset	-576988384	4	P	SQL_STORED_PROCEDURE	2026-08-27T10:22:27.573	2026-08-27T10:22:27.577
sp_create_format_type_synonym	-576648746	4	X	EXTENDED_STORED_PROCEDURE	2026-08-27T10:22:12.557	2026-08-27T10:22:12.560
sp_MScleanup_publication_ADinfo	-576288682	4	P	SQL_STORED_PROCEDURE	2026-08-27T10:22:38.183	2026-08-27T10:23:03.890
sp_stoppullsubscription_agent	-576226748	4	P	SQL_STORED_PROCEDURE	2026-08-27T10:22:38.507	2026-08-27T10:22:38.613
sp_user_counter6	-576092158	4	P	SQL_STORED_PROCEDURE	2026-08-27T10:21:48.350	2026-08-27T10:21:48.653
sp_MSupdate_agenttype_default	-575992697	4	P	SQL_STORED_PROCEDURE	2026-08-27T10:22:40.243	2026-08-27T10:22:40.633
sp_MSrepl_IsUserInAnyPAL	-575930597	4	P	SQL_STORED_PROCEDURE	2026-08-27T10:22:37.180	2026-08-27T10:23:02.317
dm_xtp_threads	-575913176	4	V	VIEW	2026-08-27T10:23:45.460	2026-08-27T10:23:45.463
system_components_surface_area_configuration	-575624558	4	V	VIEW	2026-08-27T10:21:27.150	2026-08-27T10:21:27.167
sp_addrolemember	-575389030	4	P	SQL_STORED_PROCEDURE	2026-08-27T10:21:37.433	2026-08-27T10:21:37.523
sp_dropsubscription	-575368761	4	P	SQL_STORED_PROCEDURE	2026-08-27T10:22:42.587	2026-08-27T10:22:43.537
dm_exec_background_job_queue_stats	-575104509	4	V	VIEW	2026-08-27T10:21:46.800	2026-08-27T10:21:46.803
sp_MSvalidate_subscription	-574602816	4	P	SQL_STORED_PROCEDURE	2026-08-27T10:22:42.640	2026-08-27T10:23:06.317
sp_fido_glms_set_storage_containers	-574596101	4	X	EXTENDED_STORED_PROCEDURE	2026-08-27T10:21:48.723	2026-08-27T10:21:48.727
sp_MSdummyupdate_logicalrecord	-573648160	4	P	SQL_STORED_PROCEDURE	2026-08-27T10:22:57.207	2026-08-27T10:22:57.210
sp_enumerrorlogs	-573550902	4	P	SQL_STORED_PROCEDURE	2026-08-27T10:23:28.987	2026-08-27T10:23:29.027
sp_MSreplcheckoffloadserver	-573486943	4	P	SQL_STORED_PROCEDURE	2026-08-27T10:22:36.957	2026-08-27T10:22:38.580
sp_helpreplicationoption	-572799337	4	P	SQL_STORED_PROCEDURE	2026-08-27T10:22:37.153	2026-08-27T10:22:38.597
sp_MSenum_distribution_sd	-572749619	4	P	SQL_STORED_PROCEDURE	2026-08-27T10:22:45.110	2026-08-27T10:22:45.587
sp_checkOraclepackageversion	-572282175	4	P	SQL_STORED_PROCEDURE	2026-08-27T10:22:42.397	2026-08-27T10:22:43.563
sp_change_log_shipping_secondary_primary	-572159439	4	P	SQL_STORED_PROCEDURE	2026-08-27T10:22:46.840	2026-08-27T10:22:46.980
fn_listextendedproperty	-572068538	4	TF	SQL_TABLE_VALUED_FUNCTION	2026-08-27T10:21:36.360	2026-08-27T10:21:36.370
sp_procedure_params_rowset2	-571261756	4	P	SQL_STORED_PROCEDURE	2026-08-27T10:22:27.687	2026-08-27T10:22:27.690
sp_MSrepl_enumsubscriptions	-571104249	4	P	SQL_STORED_PROCEDURE	2026-08-27T10:22:40.413	2026-08-27T10:23:00.553
event_notification_event_types	-570928251	4	V	VIEW	2026-08-27T10:21:50.993	2026-08-27T10:21:50.997
sp_verifypublisher	-569937618	4	P	SQL_STORED_PROCEDURE	2026-08-27T10:22:40.527	2026-08-27T10:22:40.650
sp_certify_removable	-569690017	4	P	SQL_STORED_PROCEDURE	2026-08-27T10:21:39.750	2026-08-27T10:21:39.770
sp_dropsrvrolemember	-568452807	4	P	SQL_STORED_PROCEDURE	2026-08-27T10:22:01.333	2026-08-27T10:22:01.387
sp_remove_object_from_change_event_stream_group	-568253894	4	P	SQL_STORED_PROCEDURE	2026-08-27T10:23:33.887	2026-08-27T10:23:33.977
sp_fulltext_load_thesaurus	-567892202	4	P	SQL_STORED_PROCEDURE	2026-08-27T10:21:42.397	2026-08-27T10:21:42.410
sp_replsync	-566880243	4	P	SQL_STORED_PROCEDURE	2026-08-27T10:22:41.967	2026-08-27T10:22:43.550
sp_clean_db_file_free_space	-566824212	4	P	SQL_STORED_PROCEDURE	2026-08-27T10:21:48.450	2026-08-27T10:21:48.663
sp_discover_trident_table	-566578742	4	P	SQL_STORED_PROCEDURE	2026-08-27T10:22:12.600	2026-08-27T10:22:12.603
sp_addpushsubscription_agent	-566557811	4	P	SQL_STORED_PROCEDURE	2026-08-27T10:22:43.397	2026-08-27T10:22:43.560
fn_varbintohexstr	-565035985	4	FN	SQL_SCALAR_FUNCTION	2026-08-27T10:22:41.830	2026-08-27T10:22:43.550
dm_tran_aborted_transactions	-563784804	4	V	VIEW	2026-08-27T10:21:48.613	2026-08-27T10:21:48.617
sp_drop_event_stream_group	-563665969	4	P	SQL_STORED_PROCEDURE	2026-08-27T10:23:33.923	2026-08-27T10:23:33.973
sp_statistics_100	-563591455	4	P	SQL_STORED_PROCEDURE	2026-08-27T10:22:27.183	2026-08-27T10:22:27.187
sp_set_parser_version_default_target	-562860924	4	X	EXTENDED_STORED_PROCEDURE	2026-08-27T10:22:12.570	2026-08-27T10:22:12.573
sp_stoppublication_snapshot	-562741278	4	P	SQL_STORED_PROCEDURE	2026-08-27T10:22:40.607	2026-08-27T10:22:40.657
dm_hadr_internal_availability_groups	-561724751	4	V	VIEW	2026-08-27T10:21:48.487	2026-08-27T10:21:48.490
sp_MSscript_sync_ins_proc	-561523596	4	P	SQL_STORED_PROCEDURE	2026-08-27T10:22:42.723	2026-08-27T10:22:43.543
sp_query_store_clear_hints	-559926885	4	X	EXTENDED_STORED_PROCEDURE	2026-08-27T10:22:13.857	2026-08-27T10:22:13.860
sp_persist_dw_raft_cache	-559708233	4	X	EXTENDED_STORED_PROCEDURE	2026-08-27T10:22:12.673	2026-08-27T10:22:12.677
sp_change_users_login	-559553559	4	P	SQL_STORED_PROCEDURE	2026-08-27T10:21:37.470	2026-08-27T10:21:37.543
sp_updateextendedproperty	-559012070	4	P	SQL_STORED_PROCEDURE	2026-08-27T10:21:36.363	2026-08-27T10:21:36.370
sp_help_log_shipping_primary_secondary	-558711740	4	P	SQL_STORED_PROCEDURE	2026-08-27T10:22:46.817	2026-08-27T10:22:46.980
dm_os_host_info	-558058590	4	V	VIEW	2026-08-27T10:21:48.107	2026-08-27T10:21:48.110
xp_sqlagent_enum_jobs	-558055699	4	X	EXTENDED_STORED_PROCEDURE	2026-08-27T10:23:28.973	2026-08-27T10:23:29.033
sp_change_log_shipping_secondary_database	-557650650	4	P	SQL_STORED_PROCEDURE	2026-08-27T10:22:46.860	2026-08-27T10:22:46.980
sp_changemergelogsettings	-556959297	4	P	SQL_STORED_PROCEDURE	2026-08-27T10:22:54.733	2026-08-27T10:22:54.737
sp_linkedservers_rowset2	-555385216	4	P	SQL_STORED_PROCEDURE	2026-08-27T10:22:27.583	2026-08-27T10:22:27.587
sp_MSadd_qreader_agent	-553379489	4	P	SQL_STORED_PROCEDURE	2026-08-27T10:22:44.853	2026-08-27T10:22:45.593
sp_refreshsubscriptions	-552668888	4	P	SQL_STORED_PROCEDURE	2026-08-27T10:22:42.600	2026-08-27T10:22:43.540
sp_reload_mssqlconf	-552578724	4	X	EXTENDED_STORED_PROCEDURE	2026-08-27T10:21:51.100	2026-08-27T10:21:51.153
sp_showlineage	-551418238	4	P	SQL_STORED_PROCEDURE	2026-08-27T10:22:52.723	2026-08-27T10:22:52.727
dm_os_memory_broker_clerks	-551361778	4	V	VIEW	2026-08-27T10:21:48.090	2026-08-27T10:21:48.093
xp_repl_convert_encrypt_sysadmin_wrapper	-548613472	4	P	SQL_STORED_PROCEDURE	2026-08-27T10:22:36.670	2026-08-27T10:23:01.907
sp_MSgetpeertopeercommands	-546458113	4	P	SQL_STORED_PROCEDURE	2026-08-27T10:22:43.320	2026-08-27T10:22:43.557
sp_change_feed_drop_table_group	-546229054	4	P	SQL_STORED_PROCEDURE	2026-08-27T10:22:51.133	2026-08-27T10:22:51.290
sp_reinitsubscription	-545750621	4	P	SQL_STORED_PROCEDURE	2026-08-27T10:22:42.823	2026-08-27T10:22:43.540
sp_dbmmonitordropalert	-545662348	4	P	SQL_STORED_PROCEDURE	2026-08-27T10:21:48.443	2026-08-27T10:21:48.663
sp_MSgetgenstatus4rows	-545646358	4	P	SQL_STORED_PROCEDURE	2026-08-27T10:22:56.440	2026-08-27T10:22:56.443
sp_replica	-544912818	4	P	SQL_STORED_PROCEDURE	2026-08-27T10:22:39.917	2026-08-27T10:22:40.637
dm_filestream_file_io_handles	-544912451	4	V	VIEW	2026-08-27T10:22:00.210	2026-08-27T10:22:00.213
sp_attach_single_file_db	-543801409	4	P	SQL_STORED_PROCEDURE	2026-08-27T10:21:39.710	2026-08-27T10:21:39.767
sp_MSinit_publication_access	-543341726	4	P	SQL_STORED_PROCEDURE	2026-08-27T10:22:40.310	2026-08-27T10:22:40.647
sp_MSfetchidentityrange	-542867525	4	P	SQL_STORED_PROCEDURE	2026-08-27T10:22:56.357	2026-08-27T10:23:15.290
sp_get_Oracle_publisher_metadata	-542532445	4	P	SQL_STORED_PROCEDURE	2026-08-27T10:22:43.440	2026-08-27T10:23:07.137
sp_MSenumarticleslightweight	-542516261	4	P	SQL_STORED_PROCEDURE	2026-08-27T10:22:58.583	2026-08-27T10:22:58.587
xp_enumerrorlogs	-542478583	4	X	EXTENDED_STORED_PROCEDURE	2026-08-27T10:23:28.970	2026-08-27T10:23:29.037
sp_MSIfExistsSubscription	-542122067	4	P	SQL_STORED_PROCEDURE	2026-08-27T10:22:45.080	2026-08-27T10:23:10.007
sp_flush_CT_internal_table_on_demand	-541968338	4	P	SQL_STORED_PROCEDURE	2026-08-27T10:22:49.743	2026-08-27T10:22:49.747
dm_exec_distributed_requests	-541412146	4	V	VIEW	2026-08-27T10:22:11.340	2026-08-27T10:22:11.343
sp_droprolemember	-541343277	4	P	SQL_STORED_PROCEDURE	2026-08-27T10:21:37.437	2026-08-27T10:21:37.523
sp_columns_90	-539604337	4	P	SQL_STORED_PROCEDURE	2026-08-27T10:22:26.980	2026-08-27T10:22:26.983
sp_MSmerge_ddldispatcher	-538650390	4	P	SQL_STORED_PROCEDURE	2026-08-27T10:22:38.453	2026-08-27T10:23:04.420
sp_commit_parallel_nested_tran	-538361338	4	X	EXTENDED_STORED_PROCEDURE	2026-08-27T10:21:51.090	2026-08-27T10:21:51.150
sp_MSpub_adjust_identity	-537304980	4	P	SQL_STORED_PROCEDURE	2026-08-27T10:22:42.990	2026-08-27T10:22:43.543
sp_ivindexhasnullcols	-536913879	4	P	SQL_STORED_PROCEDURE	2026-08-27T10:22:43.043	2026-08-27T10:23:06.713
dm_xtp_transaction_recent_rows	-536625975	4	V	VIEW	2026-08-27T10:23:45.387	2026-08-27T10:23:45.390
sp_checkinvalidivarticle	-535428891	4	P	SQL_STORED_PROCEDURE	2026-08-27T10:22:37.820	2026-08-27T10:23:03.437
dm_hadr_availability_replica_cluster_nodes	-534160742	4	V	VIEW	2026-08-27T10:21:48.500	2026-08-27T10:21:48.503
sp_MSget_snapshot_history	-533452507	4	P	SQL_STORED_PROCEDURE	2026-08-27T10:22:45.343	2026-08-27T10:22:45.573
sp_getProcessorUsage	-531074523	4	P	SQL_STORED_PROCEDURE	2026-08-27T10:22:33.987	2026-08-27T10:22:34.053
fn_hadr_distributed_ag_database_replica	-530876045	4	IF	SQL_INLINE_TABLE_VALUED_FUNCTION	2026-08-27T10:21:48.630	2026-08-27T10:21:48.633
sp_start_streaming_job	-529922562	4	P	SQL_STORED_PROCEDURE	2026-08-27T10:21:41.087	2026-08-27T10:21:41.110
sp_readerrorlog	-529892888	4	P	SQL_STORED_PROCEDURE	2026-08-27T10:23:28.983	2026-08-27T10:23:29.027
sp_assemblies_rowset	-529804378	4	P	SQL_STORED_PROCEDURE	2026-08-27T10:22:27.627	2026-08-27T10:22:27.630
sp_set_msdtc_network	-529747266	4	X	EXTENDED_STORED_PROCEDURE	2026-08-27T10:23:32.710	2026-08-27T10:23:32.713
dm_fts_active_catalogs	-529134704	4	V	VIEW	2026-08-27T10:21:42.257	2026-08-27T10:21:42.260
dm_tran_database_transactions	-528723827	4	V	VIEW	2026-08-27T10:21:48.027	2026-08-27T10:21:48.030
sp_sqlagent_add_job	-527194805	4	P	SQL_STORED_PROCEDURE	2026-08-27T10:22:32.650	2026-08-27T10:22:32.653
dm_db_log_info	-526971907	4	IF	SQL_INLINE_TABLE_VALUED_FUNCTION	2026-08-27T10:21:48.277	2026-08-27T10:21:48.280
sp_check_constraints_rowset	-526944787	4	P	SQL_STORED_PROCEDURE	2026-08-27T10:22:27.497	2026-08-27T10:22:27.503
sp_MSdeletetranconflictrow	-526333623	4	P	SQL_STORED_PROCEDURE	2026-08-27T10:22:43.030	2026-08-27T10:22:43.547
dm_filestream_file_io_requests	-526177689	4	V	VIEW	2026-08-27T10:22:00.203	2026-08-27T10:22:00.210
sp_stop_streaming_job	-525900830	4	P	SQL_STORED_PROCEDURE	2026-08-27T10:21:41.093	2026-08-27T10:21:41.110
sp_enumfullsubscribers	-525888023	4	P	SQL_STORED_PROCEDURE	2026-08-27T10:22:41.967	2026-08-27T10:22:43.533
sp_MSfix_6x_tasks	-525812995	4	P	SQL_STORED_PROCEDURE	2026-08-27T10:22:40.337	2026-08-27T10:22:40.633
sp_fido_tran_get_state	-525194058	4	X	EXTENDED_STORED_PROCEDURE	2026-08-27T10:21:48.683	2026-08-27T10:21:48.687
xp_msver	-524454186	4	X	EXTENDED_STORED_PROCEDURE	2026-08-27T10:21:52.260	2026-08-27T10:21:52.270
sp_MSactivateprocedureexecutionarticleobject	-524165324	4	P	SQL_STORED_PROCEDURE	2026-08-27T10:22:43.090	2026-08-27T10:23:06.773
dm_exec_external_work	-523840689	4	V	VIEW	2026-08-27T10:22:11.370	2026-08-27T10:22:11.373
dm_exec_query_statistics_xml	-523604714	4	IF	SQL_INLINE_TABLE_VALUED_FUNCTION	2026-08-27T10:21:48.007	2026-08-27T10:21:48.010
sp_configure	-523220828	4	P	SQL_STORED_PROCEDURE	2026-08-27T10:21:30.470	2026-08-27T10:21:30.477
dm_request_phases_exec_task_stats	-522788335	4	V	VIEW	2026-08-27T10:21:47.990	2026-08-27T10:21:47.993
sp_rda_reconcile_batch	-522379127	4	X	EXTENDED_STORED_PROCEDURE	2026-08-27T10:22:19.233	2026-08-27T10:22:19.237
sp_addremotelogin	-521370725	4	P	SQL_STORED_PROCEDURE	2026-08-27T10:22:02.507	2026-08-27T10:22:02.523
sp_scriptdynamicupdproc	-521202572	4	P	SQL_STORED_PROCEDURE	2026-08-27T10:22:42.943	2026-08-27T10:22:43.540
sp_MSdrop_dynamic_snapshot_agent	-520996803	4	P	SQL_STORED_PROCEDURE	2026-08-27T10:22:45.003	2026-08-27T10:23:09.860
sp_datatype_info	-520841490	4	P	SQL_STORED_PROCEDURE	2026-08-27T10:22:27.060	2026-08-27T10:22:27.063
sp_MSdelrowsbatch	-519536829	4	P	SQL_STORED_PROCEDURE	2026-08-27T10:22:56.753	2026-08-27T10:22:56.770
sp_addsubscriber	-519424645	4	P	SQL_STORED_PROCEDURE	2026-08-27T10:22:39.920	2026-08-27T10:22:40.640
sp_MScheckexistsgeneration	-518946516	4	P	SQL_STORED_PROCEDURE	2026-08-27T10:22:56.493	2026-08-27T10:22:56.497
sp_query_store_clear_message_queues	-518715675	4	X	EXTENDED_STORED_PROCEDURE	2026-08-27T10:22:13.867	2026-08-27T10:22:13.870
sp_describe_cursor_tables	-518602932	4	P	SQL_STORED_PROCEDURE	2026-08-27T10:21:51.087	2026-08-27T10:21:51.150
sp_mapdown_bitmap	-517867448	4	P	SQL_STORED_PROCEDURE	2026-08-27T10:22:38.433	2026-08-27T10:23:04.377
sp_MSadd_log_shipping_error_detail	-517820769	4	P	SQL_STORED_PROCEDURE	2026-08-27T10:22:46.897	2026-08-27T10:22:46.983
sp_generate_openrowset_statistics_props	-516628476	4	X	EXTENDED_STORED_PROCEDURE	2026-08-27T10:22:12.520	2026-08-27T10:22:12.523
sp_vupgrade_mergetables	-516304533	4	P	SQL_STORED_PROCEDURE	2026-08-27T10:22:37.943	2026-08-27T10:23:03.460
sp_registercustomresolver	-515799901	4	P	SQL_STORED_PROCEDURE	2026-08-27T10:22:54.023	2026-08-27T10:22:54.027
sp_fkeys	-515672317	4	P	SQL_STORED_PROCEDURE	2026-08-27T10:22:27.080	2026-08-27T10:22:27.083
dm_exec_function_stats	-515628953	4	V	VIEW	2026-08-27T10:21:47.980	2026-08-27T10:21:47.983
sp_primarykeys	-514602494	4	P	SQL_STORED_PROCEDURE	2026-08-27T10:22:26.940	2026-08-27T10:22:26.943
fn_cdc_get_min_lsn	-514363967	4	FN	SQL_SCALAR_FUNCTION	2026-08-27T10:22:48.560	2026-08-27T10:22:48.597
sp_MSfilterclause	-514188373	4	P	SQL_STORED_PROCEDURE	2026-08-27T10:23:30.450	2026-08-27T10:23:30.453
sp_columns_100	-513496712	4	P	SQL_STORED_PROCEDURE	2026-08-27T10:22:26.987	2026-08-27T10:22:26.990
sp_droprole	-513436362	4	P	SQL_STORED_PROCEDURE	2026-08-27T10:21:37.450	2026-08-27T10:21:37.520
sp_MSisreplmergeagent	-513243099	4	P	SQL_STORED_PROCEDURE	2026-08-27T10:22:38.387	2026-08-27T10:22:38.597
sp_xtp_control_query_exec_stats	-513236830	4	P	SQL_STORED_PROCEDURE	2026-08-27T10:23:45.557	2026-08-27T10:23:45.560
sp_set_parser_version_extractor	-512427210	4	X	EXTENDED_STORED_PROCEDURE	2026-08-27T10:22:12.563	2026-08-27T10:22:12.567
dm_pal_ring_buffers	-512218230	4	V	VIEW	2026-08-27T10:21:48.067	2026-08-27T10:21:48.070
dm_cdc_log_scan_sessions	-511861742	4	V	VIEW	2026-08-27T10:22:48.570	2026-08-27T10:22:48.600
dm_os_memory_cache_clock_hands	-511266813	4	V	VIEW	2026-08-27T10:21:48.053	2026-08-27T10:21:48.057
sp_lightweightmergemetadataretentioncleanup	-510429898	4	P	SQL_STORED_PROCEDURE	2026-08-27T10:22:58.580	2026-08-27T10:22:58.583
sp_replsetoriginator	-508978974	4	P	SQL_STORED_PROCEDURE	2026-08-27T10:22:40.433	2026-08-27T10:22:40.647
sp_trace_getdata	-508658945	4	P	SQL_STORED_PROCEDURE	2026-08-27T10:21:59.110	2026-08-27T10:21:59.113
dm_repl_schemas	-508495221	4	V	VIEW	2026-08-27T10:22:43.420	2026-08-27T10:22:43.563
sp_MSrepl_backup_complete	-508437824	4	P	SQL_STORED_PROCEDURE	2026-08-27T10:22:38.133	2026-08-27T10:23:03.760
sp_MSenumdistributionagentproperties	-507552421	4	P	SQL_STORED_PROCEDURE	2026-08-27T10:22:45.287	2026-08-27T10:23:10.333
sp_fido_build_histogram	-507457833	4	X	EXTENDED_STORED_PROCEDURE	2026-08-27T10:22:10.787	2026-08-27T10:22:10.790
sp_xa_recover	-507067617	4	X	EXTENDED_STORED_PROCEDURE	2026-08-27T10:23:31.603	2026-08-27T10:23:31.607
sp_MSCleanupForPullReinit	-506988091	4	P	SQL_STORED_PROCEDURE	2026-08-27T10:22:37.197	2026-08-27T10:22:38.583
sp_helpmergelogfileswithdata	-506958051	4	P	SQL_STORED_PROCEDURE	2026-08-27T10:22:54.720	2026-08-27T10:22:54.723
sp_help_change_event_stream_settings	-504314171	4	P	SQL_STORED_PROCEDURE	2026-08-27T10:23:33.937	2026-08-27T10:23:33.977
dm_db_mirroring_connections	-504273378	4	V	VIEW	2026-08-27T10:21:55.803	2026-08-27T10:21:55.807
GeometryEnvelopeAggregate	-504196084	4	AF	AGGREGATE_FUNCTION	2026-08-27T10:22:07.407	2026-08-27T10:22:07.460
sp_xtp_slo_downgrade_finished	-503884741	4	P	SQL_STORED_PROCEDURE	2026-08-27T10:23:45.577	2026-08-27T10:23:45.580
sp_add_log_shipping_alert_job	-503660296	4	P	SQL_STORED_PROCEDURE	2026-08-27T10:22:46.900	2026-08-27T10:22:46.980
sp_change_feed_configure_parameters	-503621126	4	P	SQL_STORED_PROCEDURE	2026-08-27T10:22:51.260	2026-08-27T10:22:51.293
sp_MScdc_cleanup_job	-502831970	4	P	SQL_STORED_PROCEDURE	2026-08-27T10:22:48.433	2026-08-27T10:22:48.593
dm_db_index_operational_stats	-500638940	4	IF	SQL_INLINE_TABLE_VALUED_FUNCTION	2026-08-27T10:21:47.940	2026-08-27T10:21:47.943
sp_MSenum_logreader	-499920153	4	P	SQL_STORED_PROCEDURE	2026-08-27T10:22:45.090	2026-08-27T10:22:45.587
sp_MSenumchanges	-499764261	4	P	SQL_STORED_PROCEDURE	2026-08-27T10:22:56.533	2026-08-27T10:22:56.537
dm_resource_governor_external_resource_pools	-499566554	4	V	VIEW	2026-08-27T10:21:48.170	2026-08-27T10:21:48.173
xp_copy_file	-499449915	4	X	EXTENDED_STORED_PROCEDURE	2026-08-27T10:23:28.980	2026-08-27T10:23:29.023
sp_helplogins	-499258131	4	P	SQL_STORED_PROCEDURE	2026-08-27T10:21:35.160	2026-08-27T10:21:35.227
sp_logshippinginstallmetadata	-499007325	4	P	SQL_STORED_PROCEDURE	2026-08-27T10:22:46.753	2026-08-27T10:22:46.980
sp_MSrepl_snapshot_helppublication	-497150444	4	P	SQL_STORED_PROCEDURE	2026-08-27T10:22:42.200	2026-08-27T10:23:06.003
sp_MSadd_logreader_history	-496205768	4	P	SQL_STORED_PROCEDURE	2026-08-27T10:22:45.057	2026-08-27T10:23:09.953
sp_MSsetreplicastatus	-496145580	4	P	SQL_STORED_PROCEDURE	2026-08-27T10:22:56.680	2026-08-27T10:22:56.683
sp_execute_remote	-495947879	4	X	EXTENDED_STORED_PROCEDURE	2026-08-27T10:21:51.097	2026-08-27T10:21:51.153
sp_MSchangedynsnaplocationatdistributor	-495915163	4	P	SQL_STORED_PROCEDURE	2026-08-27T10:22:45.303	2026-08-27T10:22:45.600
sp_MSdetectinvalidpeersubscription	-495882788	4	P	SQL_STORED_PROCEDURE	2026-08-27T10:22:43.313	2026-08-27T10:22:43.557
dm_db_xtp_checkpoint_files	-495395802	4	V	VIEW	2026-08-27T10:23:45.527	2026-08-27T10:23:45.530
dm_db_partition_stats	-495130372	4	V	VIEW	2026-08-27T10:21:47.953	2026-08-27T10:21:47.957
trace_event_bindings	-495107132	4	V	VIEW	2026-08-27T10:21:59.140	2026-08-27T10:21:59.143
sp_MSenum_logicalrecord_changes	-495037681	4	P	SQL_STORED_PROCEDURE	2026-08-27T10:22:56.547	2026-08-27T10:22:56.550
sp_set_discovered_table_properties	-494882661	4	X	EXTENDED_STORED_PROCEDURE	2026-08-27T10:22:12.667	2026-08-27T10:22:12.670
sp_column_privileges_rowset2	-494826021	4	P	SQL_STORED_PROCEDURE	2026-08-27T10:22:27.277	2026-08-27T10:22:27.280
fn_validate_plan_guide	-494740250	4	IF	SQL_INLINE_TABLE_VALUED_FUNCTION	2026-08-27T10:21:51.003	2026-08-27T10:21:51.007
sp_publisherproperty	-494078943	4	P	SQL_STORED_PROCEDURE	2026-08-27T10:22:43.160	2026-08-27T10:22:43.553
dm_cryptographic_provider_sessions	-493793556	4	IF	SQL_INLINE_TABLE_VALUED_FUNCTION	2026-08-27T10:21:35.227	2026-08-27T10:21:35.230
sp_help_change_feed_table_groups	-492699737	4	P	SQL_STORED_PROCEDURE	2026-08-27T10:22:51.203	2026-08-27T10:22:51.293
sp_MScreatelightweightupdateproc	-492353278	4	P	SQL_STORED_PROCEDURE	2026-08-27T10:22:58.557	2026-08-27T10:23:17.180
sp_MSdummyupdate90	-492305315	4	P	SQL_STORED_PROCEDURE	2026-08-27T10:22:56.470	2026-08-27T10:23:15.380
sp_MSdropmergearticle	-491831226	4	P	SQL_STORED_PROCEDURE	2026-08-27T10:22:54.337	2026-08-27T10:23:13.463
sp_MSrepl_enumarticlecolumninfo	-491447503	4	P	SQL_STORED_PROCEDURE	2026-08-27T10:22:40.533	2026-08-27T10:22:40.653
sp_MSdrop_qreader_history	-491376136	4	P	SQL_STORED_PROCEDURE	2026-08-27T10:22:44.843	2026-08-27T10:22:45.593
sp_MSaddinitialpublication	-490670402	4	P	SQL_STORED_PROCEDURE	2026-08-27T10:22:56.843	2026-08-27T10:22:56.847
sp_replmonitorhelpmergesession	-489921312	4	P	SQL_STORED_PROCEDURE	2026-08-27T10:22:45.137	2026-08-27T10:23:10.073
sp_columns_managed	-489491611	4	P	SQL_STORED_PROCEDURE	2026-08-27T10:22:28.857	2026-08-27T10:22:28.860
sp_helpuser	-489277227	4	P	SQL_STORED_PROCEDURE	2026-08-27T10:21:35.180	2026-08-27T10:21:35.230
dm_os_sys_memory	-489165464	4	V	VIEW	2026-08-27T10:21:48.083	2026-08-27T10:21:48.087
dm_tran_version_store_space_usage	-488195291	4	V	VIEW	2026-08-27T10:21:47.933	2026-08-27T10:21:47.937
sp_MSscript_dri	-487312597	4	P	SQL_STORED_PROCEDURE	2026-08-27T10:22:54.840	2026-08-27T10:23:13.663
sp_dropdynamicsnapshot_job	-487233671	4	P	SQL_STORED_PROCEDURE	2026-08-27T10:22:54.970	2026-08-27T10:22:54.973
sp_auto_tuning_publish_index_recommendation	-487111944	4	P	SQL_STORED_PROCEDURE	2026-08-27T10:22:22.450	2026-08-27T10:22:22.463
trace_events	-486135952	4	V	VIEW	2026-08-27T10:21:59.133	2026-08-27T10:21:59.137
fn_EnumCurrentPrincipals	-485928087	4	TF	SQL_TABLE_VALUED_FUNCTION	2026-08-27T10:22:36.637	2026-08-27T10:22:38.610
sp_resetstatus	-484845845	4	P	SQL_STORED_PROCEDURE	2026-08-27T10:21:39.740	2026-08-27T10:21:39.770
sp_MScreate_article_repl_views	-484657037	4	P	SQL_STORED_PROCEDURE	2026-08-27T10:22:55.150	2026-08-27T10:22:55.153
sp_helpindex	-484505828	4	P	SQL_STORED_PROCEDURE	2026-08-27T10:23:45.623	2026-08-27T10:23:45.627
sp_xml_removedocument	-484404746	4	X	EXTENDED_STORED_PROCEDURE	2026-08-27T10:21:58.010	2026-08-27T10:21:58.013
sp_dw_physical_upsert_create_and_populate_manifest_file	-483518534	4	X	EXTENDED_STORED_PROCEDURE	2026-08-27T10:22:12.550	2026-08-27T10:22:12.553
sp_helpdevice	-483233940	4	P	SQL_STORED_PROCEDURE	2026-08-27T10:21:48.297	2026-08-27T10:21:48.650
sp_stored_procedures	-482685215	4	P	SQL_STORED_PROCEDURE	2026-08-27T10:22:27.187	2026-08-27T10:22:27.190
dm_sql_referenced_entities	-481970182	4	IF	SQL_INLINE_TABLE_VALUED_FUNCTION	2026-08-27T10:21:50.990	2026-08-27T10:21:50.993
sp_attach_db	-481570368	4	P	SQL_STORED_PROCEDURE	2026-08-27T10:21:39.707	2026-08-27T10:21:39.767
sp_helpmergepublication	-481190521	4	P	SQL_STORED_PROCEDURE	2026-08-27T10:22:54.457	2026-08-27T10:23:13.497
dm_io_pending_io_requests	-480947380	4	V	VIEW	2026-08-27T10:21:48.030	2026-08-27T10:21:48.033
sp_MSgetpeerconflictrow	-480650539	4	P	SQL_STORED_PROCEDURE	2026-08-27T10:22:43.013	2026-08-27T10:22:43.547
sp_MSscript_article_view	-480223294	4	P	SQL_STORED_PROCEDURE	2026-08-27T10:22:42.223	2026-08-27T10:23:06.023
sp_oledb_defdb	-480106018	4	P	SQL_STORED_PROCEDURE	2026-08-27T10:22:27.603	2026-08-27T10:22:27.607
sp_MSacquireSlotLock	-479989317	4	P	SQL_STORED_PROCEDURE	2026-08-27T10:22:36.900	2026-08-27T10:23:01.977
sp_data_source_table_columns	-479453799	4	P	SQL_STORED_PROCEDURE	2026-08-27T10:22:11.433	2026-08-27T10:22:11.437
dm_xtp_system_memory_consumers	-477795258	4	V	VIEW	2026-08-27T10:23:45.427	2026-08-27T10:23:45.430
sp_MSsendtosqlqueue	-477530043	4	P	SQL_STORED_PROCEDURE	2026-08-27T10:22:38.330	2026-08-27T10:23:04.220
sp_get_dmv_collector_views	-477442870	4	X	EXTENDED_STORED_PROCEDURE	2026-08-27T10:21:48.720	2026-08-27T10:21:48.723
sp_tables_info_rowset_64	-476976241	4	P	SQL_STORED_PROCEDURE	2026-08-27T10:22:27.553	2026-08-27T10:22:27.560
sp_script_reconciliation_xdelproc	-475757395	4	P	SQL_STORED_PROCEDURE	2026-08-27T10:22:42.890	2026-08-27T10:22:43.540
fn_sqlagent_jobsteps	-474931775	4	TF	SQL_TABLE_VALUED_FUNCTION	2026-08-27T10:22:32.700	2026-08-27T10:22:32.703
sp_MSmerge_altertrigger	-474904429	4	P	SQL_STORED_PROCEDURE	2026-08-27T10:22:37.097	2026-08-27T10:23:02.153
sp_MSmakeselectproc	-473391276	4	P	SQL_STORED_PROCEDURE	2026-08-27T10:22:57.030	2026-08-27T10:23:15.777
sp_MShelpfulltextindex	-473063713	4	P	SQL_STORED_PROCEDURE	2026-08-27T10:23:30.400	2026-08-27T10:23:30.433
sp_changemergepublication	-472753628	4	P	SQL_STORED_PROCEDURE	2026-08-27T10:22:54.450	2026-08-27T10:23:13.483
sp_helpdistributiondb	-472000045	4	P	SQL_STORED_PROCEDURE	2026-08-27T10:22:40.117	2026-08-27T10:23:00.020
xp_sqlagent_notify	-471716365	4	X	EXTENDED_STORED_PROCEDURE	2026-08-27T10:23:28.973	2026-08-27T10:23:29.047
sp_stopmergepullsubscription_agent	-471705812	4	P	SQL_STORED_PROCEDURE	2026-08-27T10:22:38.513	2026-08-27T10:22:38.613
dm_hadr_cluster_networks	-471580126	4	V	VIEW	2026-08-27T10:21:48.507	2026-08-27T10:21:48.510
sp_user_counter4	-471110064	4	P	SQL_STORED_PROCEDURE	2026-08-27T10:21:48.350	2026-08-27T10:21:48.653
sp_refresh_dwworkspacegroup_fabric_property	-470146379	4	X	EXTENDED_STORED_PROCEDURE	2026-08-27T10:22:12.610	2026-08-27T10:22:12.613
sp_MSget_logicalrecord_lineage	-469796406	4	P	SQL_STORED_PROCEDURE	2026-08-27T10:22:57.200	2026-08-27T10:22:57.203
sp_refresh_parameter_encryption	-469714346	4	P	SQL_STORED_PROCEDURE	2026-08-27T10:21:40.980	2026-08-27T10:21:41.110
sp_helptrigger	-469610141	4	P	SQL_STORED_PROCEDURE	2026-08-27T10:21:54.713	2026-08-27T10:21:54.737
sp_columns_ex_100	-469475915	4	P	SQL_STORED_PROCEDURE	2026-08-27T10:22:27.043	2026-08-27T10:22:27.047
dm_os_nodes	-469313267	4	V	VIEW	2026-08-27T10:21:48.093	2026-08-27T10:21:48.097
sp_changedistributor_property	-468260701	4	P	SQL_STORED_PROCEDURE	2026-08-27T10:22:40.097	2026-08-27T10:22:59.977
xp_copy_files	-468201874	4	X	EXTENDED_STORED_PROCEDURE	2026-08-27T10:23:28.980	2026-08-27T10:23:29.023
sp_changemergefilter	-468162469	4	P	SQL_STORED_PROCEDURE	2026-08-27T10:22:54.813	2026-08-27T10:22:54.817
dm_db_exec_cursors	-468104482	4	IF	SQL_INLINE_TABLE_VALUED_FUNCTION	2026-08-27T10:21:51.060	2026-08-27T10:21:51.063
fn_cdc_get_max_lsn	-467739826	4	FN	SQL_SCALAR_FUNCTION	2026-08-27T10:22:48.560	2026-08-27T10:22:48.597
sp_MSenumdeleteslightweight	-466710890	4	P	SQL_STORED_PROCEDURE	2026-08-27T10:22:58.530	2026-08-27T10:22:58.533
sp_execute_flight_query	-466490619	4	X	EXTENDED_STORED_PROCEDURE	2026-08-27T10:22:24.630	2026-08-27T10:22:24.633
sp_helppullsubscription	-466444636	4	P	SQL_STORED_PROCEDURE	2026-08-27T10:22:37.370	2026-08-27T10:23:02.617
dm_db_database_page_allocations	-466280530	4	IF	SQL_INLINE_TABLE_VALUED_FUNCTION	2026-08-27T10:21:48.033	2026-08-27T10:21:48.037
sp_MSadd_dynamic_snapshot_location	-465500259	4	P	SQL_STORED_PROCEDURE	2026-08-27T10:22:55.130	2026-08-27T10:22:55.133
fn_MapSchemaType	-465170922	4	FN	SQL_SCALAR_FUNCTION	2026-08-27T10:22:56.637	2026-08-27T10:22:56.640
dm_tcp_listener_states	-465074339	4	V	VIEW	2026-08-27T10:21:47.960	2026-08-27T10:21:47.963
sp_tables_info_rowset	-464653780	4	P	SQL_STORED_PROCEDURE	2026-08-27T10:22:27.540	2026-08-27T10:22:27.547
sp_changesubscriber_schedule	-464313230	4	P	SQL_STORED_PROCEDURE	2026-08-27T10:22:39.940	2026-08-27T10:22:40.640
COLUMN_DOMAIN_USAGE	-464069102	3	V	VIEW	2026-08-27T10:22:29.977	2026-08-27T10:22:29.980
sp_restore_filelistonly	-463666864	4	P	SQL_STORED_PROCEDURE	2026-08-27T10:21:48.453	2026-08-27T10:21:48.663
sp_help_agent_profile	-463476349	4	P	SQL_STORED_PROCEDURE	2026-08-27T10:22:40.240	2026-08-27T10:23:00.190
trace_xe_action_map	-463397375	4	U	USER_TABLE	2026-08-27T10:21:48.647	2026-08-27T10:21:48.657
fn_my_permissions	-462384620	4	TF	SQL_TABLE_VALUED_FUNCTION	2026-08-27T10:21:37.497	2026-08-27T10:21:37.500
sp_autoindex_invoke_dta	-462196151	4	X	EXTENDED_STORED_PROCEDURE	2026-08-27T10:22:18.163	2026-08-27T10:22:18.167
sp_helpqreader_agent	-461227623	4	P	SQL_STORED_PROCEDURE	2026-08-27T10:22:45.447	2026-08-27T10:23:10.600
dm_os_memory_cache_entries	-461194620	4	V	VIEW	2026-08-27T10:21:48.057	2026-08-27T10:21:48.060
sp_MSdropmergedynamicsnapshotjob	-460691624	4	P	SQL_STORED_PROCEDURE	2026-08-27T10:22:54.967	2026-08-27T10:23:13.887
sp_assemblies_rowset2	-460357477	4	P	SQL_STORED_PROCEDURE	2026-08-27T10:22:27.630	2026-08-27T10:22:27.633
sp_configure_peerconflictdetection	-460105153	4	P	SQL_STORED_PROCEDURE	2026-08-27T10:22:43.483	2026-08-27T10:22:43.560
dm_os_virtual_address_dump	-459990558	4	V	VIEW	2026-08-27T10:21:48.080	2026-08-27T10:21:48.083
sp_validatemergesubscription	-458050328	4	P	SQL_STORED_PROCEDURE	2026-08-27T10:22:54.890	2026-08-27T10:22:54.893
sp_MSsetartprocs	-457523349	4	P	SQL_STORED_PROCEDURE	2026-08-27T10:22:56.783	2026-08-27T10:23:15.553
sp_rda_reconcile_indexes	-457311406	4	X	EXTENDED_STORED_PROCEDURE	2026-08-27T10:22:19.230	2026-08-27T10:22:19.233
sp_trace_generateevent	-456944628	4	X	EXTENDED_STORED_PROCEDURE	2026-08-27T10:21:59.107	2026-08-27T10:21:59.110
sp_syspolicy_unsubscribe_from_policy_category	-456722052	4	P	SQL_STORED_PROCEDURE	2026-08-27T10:22:31.490	2026-08-27T10:22:31.590
sp_start_fixed_vlf	-456710290	4	X	EXTENDED_STORED_PROCEDURE	2026-08-27T10:21:48.547	2026-08-27T10:21:48.550
sp_polybase_join_group	-455628961	4	X	EXTENDED_STORED_PROCEDURE	2026-08-27T10:22:10.773	2026-08-27T10:22:10.777
sp_OAStop	-454884098	4	X	EXTENDED_STORED_PROCEDURE	2026-08-27T10:23:24.567	2026-08-27T10:23:24.573
sp_table_types_rowset	-454617025	4	P	SQL_STORED_PROCEDURE	2026-08-27T10:22:27.473	2026-08-27T10:22:27.477
sp_MSsetgentozero	-454277964	4	P	SQL_STORED_PROCEDURE	2026-08-27T10:22:56.453	2026-08-27T10:22:56.457
sp_grant_publication_access	-453957287	4	P	SQL_STORED_PROCEDURE	2026-08-27T10:22:40.297	2026-08-27T10:23:00.320
sp_MSdelsubrowsbatch	-453681403	4	P	SQL_STORED_PROCEDURE	2026-08-27T10:22:57.097	2026-08-27T10:22:57.100
sp_get_openrowset_statistics_additional_props	-453064170	4	X	EXTENDED_STORED_PROCEDURE	2026-08-27T10:22:12.520	2026-08-27T10:22:12.523
sp_MSenum_replqueues	-451421241	4	P	SQL_STORED_PROCEDURE	2026-08-27T10:22:38.200	2026-08-27T10:23:03.990
sp_cleanup_data_retention	-450983638	4	P	SQL_STORED_PROCEDURE	2026-08-27T10:22:23.557	2026-08-27T10:22:23.560
sp_createmergepalrole	-450766448	4	P	SQL_STORED_PROCEDURE	2026-08-27T10:22:38.420	2026-08-27T10:22:38.590
sp_MSrepl_startup_internal	-450647548	4	P	SQL_STORED_PROCEDURE	2026-08-27T10:22:40.327	2026-08-27T10:23:00.377
sp_server_info	-450276887	4	P	SQL_STORED_PROCEDURE	2026-08-27T10:22:27.090	2026-08-27T10:22:27.093
sp_trident_stats_staleness_detection	-450126652	4	X	EXTENDED_STORED_PROCEDURE	2026-08-27T10:22:12.623	2026-08-27T10:22:12.627
sp_MSadd_repl_commands27hp	-450099464	4	P	SQL_STORED_PROCEDURE	2026-08-27T10:22:44.817	2026-08-27T10:23:09.623
sp_helplinkedsrvlogin	-449526256	4	P	SQL_STORED_PROCEDURE	2026-08-27T10:21:54.643	2026-08-27T10:21:54.653
sp_change_subscription_properties	-449097441	4	P	SQL_STORED_PROCEDURE	2026-08-27T10:22:37.333	2026-08-27T10:23:02.520
dm_cache_stats	-449083940	4	V	VIEW	2026-08-27T10:22:10.807	2026-08-27T10:22:10.810
sp_manage_distributed_transaction	-449004486	4	X	EXTENDED_STORED_PROCEDURE	2026-08-27T10:23:32.710	2026-08-27T10:23:32.713
sp_fido_spaceused	-448693882	4	P	SQL_STORED_PROCEDURE	2026-08-27T10:21:48.700	2026-08-27T10:21:48.710
sp_MSupdate_subscriber_tracer_history	-448402955	4	P	SQL_STORED_PROCEDURE	2026-08-27T10:22:45.327	2026-08-27T10:22:45.600
sp_getqueuedarticlesynctraninfo	-448372419	4	P	SQL_STORED_PROCEDURE	2026-08-27T10:22:43.283	2026-08-27T10:23:07.043
sp_certificate_drop_issuer	-448148795	4	X	EXTENDED_STORED_PROCEDURE	2026-08-27T10:21:35.257	2026-08-27T10:21:35.260
sp_dropmessage	-447876187	4	P	SQL_STORED_PROCEDURE	2026-08-27T10:22:03.620	2026-08-27T10:22:03.623
sp_FuzzyLookupTableMaintenanceUninstall	-447709035	4	PC	CLR_STORED_PROCEDURE	2026-08-27T10:23:23.490	2026-08-27T10:23:23.493
sp_tables_ex	-447552688	4	P	SQL_STORED_PROCEDURE	2026-08-27T10:22:27.213	2026-08-27T10:22:27.217
sp_MScheckfailedprevioussync	-447334294	4	P	SQL_STORED_PROCEDURE	2026-08-27T10:22:57.280	2026-08-27T10:22:57.283
sp_MSdeleteretry	-447060404	4	P	SQL_STORED_PROCEDURE	2026-08-27T10:22:56.427	2026-08-27T10:22:56.430
sp_cdc_change_job	-446993105	4	P	SQL_STORED_PROCEDURE	2026-08-27T10:22:48.523	2026-08-27T10:22:48.597
sp_fulltext_keymappings	-446919511	4	X	EXTENDED_STORED_PROCEDURE	2026-08-27T10:21:42.277	2026-08-27T10:21:42.410
sp_startpullsubscription_agent	-446770470	4	P	SQL_STORED_PROCEDURE	2026-08-27T10:22:38.507	2026-08-27T10:22:38.613
sp_MSreleasemakegenerationapplock	-446593420	4	P	SQL_STORED_PROCEDURE	2026-08-27T10:22:52.523	2026-08-27T10:23:12.050
sp_dropmergearticle	-446577573	4	P	SQL_STORED_PROCEDURE	2026-08-27T10:22:54.347	2026-08-27T10:22:54.350
sp_MSaddsubscriptionarticles	-446576238	4	P	SQL_STORED_PROCEDURE	2026-08-27T10:22:43.300	2026-08-27T10:23:07.073
VIEW_TABLE_USAGE	-445705453	3	V	VIEW	2026-08-27T10:22:30.017	2026-08-27T10:22:30.020
sp_sqljdbc_xa_uninstall	-445254138	4	P	SQL_STORED_PROCEDURE	2026-08-27T10:23:31.637	2026-08-27T10:23:31.640
sp_MSadd_qreader_history	-443475071	4	P	SQL_STORED_PROCEDURE	2026-08-27T10:22:45.047	2026-08-27T10:23:09.933
sp_oledb_database	-443330751	4	P	SQL_STORED_PROCEDURE	2026-08-27T10:22:27.607	2026-08-27T10:22:27.610
sp_ORbitmap	-443178534	4	P	SQL_STORED_PROCEDURE	2026-08-27T10:22:38.437	2026-08-27T10:23:04.390
fn_db_backup_file_snapshots	-442881107	4	IF	SQL_INLINE_TABLE_VALUED_FUNCTION	2026-08-27T10:21:48.140	2026-08-27T10:21:48.143
sp_change_feed_enable_table_after_reseed	-442758904	4	P	SQL_STORED_PROCEDURE	2026-08-27T10:22:51.173	2026-08-27T10:22:51.290
sp_MShelp_merge_agentid	-442409323	4	P	SQL_STORED_PROCEDURE	2026-08-27T10:22:45.233	2026-08-27T10:23:10.230
sp_MSrefresh_publisher_idrange	-442294568	4	P	SQL_STORED_PROCEDURE	2026-08-27T10:22:54.097	2026-08-27T10:23:13.377
dm_exec_describe_first_result_set	-442122219	4	IF	SQL_INLINE_TABLE_VALUED_FUNCTION	2026-08-27T10:21:51.007	2026-08-27T10:21:51.010
sp_tablecollations	-442043634	4	P	SQL_STORED_PROCEDURE	2026-08-27T10:22:27.613	2026-08-27T10:22:27.617
sp_create_change_event_stream_group	-441640936	4	P	SQL_STORED_PROCEDURE	2026-08-27T10:23:33.857	2026-08-27T10:23:33.973
sp_help_fulltext_columns_cursor	-441244073	4	P	SQL_STORED_PROCEDURE	2026-08-27T10:21:56.927	2026-08-27T10:21:56.950
sp_catalogs_rowset2	-441019649	4	P	SQL_STORED_PROCEDURE	2026-08-27T10:22:27.253	2026-08-27T10:22:27.257
sp_recompile	-440656617	4	P	SQL_STORED_PROCEDURE	2026-08-27T10:21:40.917	2026-08-27T10:21:41.107
dm_exec_query_plan_stats	-440482258	4	IF	SQL_INLINE_TABLE_VALUED_FUNCTION	2026-08-27T10:21:51.013	2026-08-27T10:21:51.017
sp_MSrepl_testadminconnection	-439243665	4	P	SQL_STORED_PROCEDURE	2026-08-27T10:22:40.517	2026-08-27T10:22:40.653
sp_removedbreplication	-439122265	4	P	SQL_STORED_PROCEDURE	2026-08-27T10:22:37.700	2026-08-27T10:22:38.607
dm_cryptographic_provider_properties	-438926401	4	V	VIEW	2026-08-27T10:21:35.220	2026-08-27T10:21:35.223
sp_set_parser_version_md_preprocessor	-438096081	4	X	EXTENDED_STORED_PROCEDURE	2026-08-27T10:22:12.567	2026-08-27T10:22:12.570
dm_hadr_db_threads	-436743270	4	V	VIEW	2026-08-27T10:21:48.210	2026-08-27T10:21:48.213
sp_MShelp_subscriber_info	-436036753	4	P	SQL_STORED_PROCEDURE	2026-08-27T10:22:44.987	2026-08-27T10:22:45.583
sp_help_publication_access	-436021820	4	P	SQL_STORED_PROCEDURE	2026-08-27T10:22:40.307	2026-08-27T10:23:00.343
PARAMETERS	-435799990	3	V	VIEW	2026-08-27T10:22:30.030	2026-08-27T10:22:30.033
sp_gettopologyinfo	-435721276	4	P	SQL_STORED_PROCEDURE	2026-08-27T10:22:43.343	2026-08-27T10:22:43.560
sp_addmergealternatepublisher	-435444812	4	P	SQL_STORED_PROCEDURE	2026-08-27T10:22:54.933	2026-08-27T10:22:54.937
sp_MSprofile_in_use	-435147733	4	P	SQL_STORED_PROCEDURE	2026-08-27T10:22:45.213	2026-08-27T10:22:45.593
sp_script_synctran_commands	-435069134	4	P	SQL_STORED_PROCEDURE	2026-08-27T10:22:42.623	2026-08-27T10:22:43.540
GeometryUnionAggregate	-434901727	4	AF	AGGREGATE_FUNCTION	2026-08-27T10:22:07.393	2026-08-27T10:22:07.457
sp_getdistributorplatform	-434858825	4	P	SQL_STORED_PROCEDURE	2026-08-27T10:22:39.907	2026-08-27T10:22:59.820
sp_process_detour_memory_allocation_record	-434326517	4	X	EXTENDED_STORED_PROCEDURE	2026-08-27T10:21:48.777	2026-08-27T10:21:48.780
sp_copysubscription	-433822796	4	P	SQL_STORED_PROCEDURE	2026-08-27T10:22:38.297	2026-08-27T10:23:04.113
sp_MSmakeexpandproc	-433629307	4	P	SQL_STORED_PROCEDURE	2026-08-27T10:22:54.870	2026-08-27T10:23:13.723
sp_MSlock_distribution_agent	-433369929	4	P	SQL_STORED_PROCEDURE	2026-08-27T10:22:45.247	2026-08-27T10:22:45.597
sp_MSget_publication_from_taskname	-432860662	4	P	SQL_STORED_PROCEDURE	2026-08-27T10:22:38.187	2026-08-27T10:22:38.590
dm_tran_transactions_snapshot	-432635041	4	V	VIEW	2026-08-27T10:21:48.213	2026-08-27T10:21:48.217
fn_get_sql	-432442948	4	IF	SQL_INLINE_TABLE_VALUED_FUNCTION	2026-08-27T10:21:51.160	2026-08-27T10:21:51.163
xp_enumgroups	-432400217	4	X	EXTENDED_STORED_PROCEDURE	2026-08-27T10:21:52.260	2026-08-27T10:21:52.267
sp_MSenum_snapshot_sd	-432367807	4	P	SQL_STORED_PROCEDURE	2026-08-27T10:22:45.087	2026-08-27T10:22:45.587
sp_MSreplcopyscriptfile	-432177404	4	P	SQL_STORED_PROCEDURE	2026-08-27T10:22:45.070	2026-08-27T10:23:09.983
sp_replmonitorhelpmergesubscriptionmoreinfo	-431730526	4	P	SQL_STORED_PROCEDURE	2026-08-27T10:22:54.773	2026-08-27T10:23:13.600
sp_MShelpcreatebeforetable	-431463530	4	P	SQL_STORED_PROCEDURE	2026-08-27T10:22:57.117	2026-08-27T10:23:15.880
sp_MSaddinitialschemaarticle	-431378868	4	P	SQL_STORED_PROCEDURE	2026-08-27T10:22:56.840	2026-08-27T10:23:15.630
sp_validate_certificate_ca_chain	-430336707	4	P	SQL_STORED_PROCEDURE	2026-08-27T10:21:35.260	2026-08-27T10:21:35.263
dm_exec_query_plan	-430121581	4	IF	SQL_INLINE_TABLE_VALUED_FUNCTION	2026-08-27T10:21:51.017	2026-08-27T10:21:51.020
sp_MSenumreplicas90	-429768531	4	P	SQL_STORED_PROCEDURE	2026-08-27T10:22:56.500	2026-08-27T10:23:15.437
sp_cdc_help_change_data_capture	-428413284	4	P	SQL_STORED_PROCEDURE	2026-08-27T10:22:48.527	2026-08-27T10:22:48.597
sp_http_generate_wsdl_defaultcomplexorsimple	-428163063	4	P	SQL_STORED_PROCEDURE	2026-08-27T10:22:04.700	2026-08-27T10:22:04.707
dm_os_memory_cache_hash_tables	-428028999	4	V	VIEW	2026-08-27T10:21:48.057	2026-08-27T10:21:48.060
availability_databases_cluster	-427423982	4	V	VIEW	2026-08-27T10:21:26.860	2026-08-27T10:21:26.863
sp_MSreplcheck_permission	-426813605	4	P	SQL_STORED_PROCEDURE	2026-08-27T10:22:57.127	2026-08-27T10:23:15.910
dm_request_phases_task_group_stats	-426618305	4	V	VIEW	2026-08-27T10:21:47.987	2026-08-27T10:21:47.990
dm_cdc_errors	-425657552	4	V	VIEW	2026-08-27T10:22:48.570	2026-08-27T10:22:48.600
sp_validname	-424493586	4	P	SQL_STORED_PROCEDURE	2026-08-27T10:21:30.450	2026-08-27T10:21:30.477
sp_cdc_stop_job	-424101790	4	P	SQL_STORED_PROCEDURE	2026-08-27T10:22:48.470	2026-08-27T10:22:48.597
dm_resource_governor_configuration	-422060983	4	V	VIEW	2026-08-27T10:21:48.160	2026-08-27T10:21:48.163
sp_MSenumpartialchanges	-420364706	4	P	SQL_STORED_PROCEDURE	2026-08-27T10:22:56.550	2026-08-27T10:22:56.553
dm_exec_external_operations	-419725127	4	V	VIEW	2026-08-27T10:22:11.387	2026-08-27T10:22:11.390
sp_repldone	-419390561	4	X	EXTENDED_STORED_PROCEDURE	2026-08-27T10:22:38.557	2026-08-27T10:22:38.610
sp_refreshsqlmodule	-419385653	4	P	SQL_STORED_PROCEDURE	2026-08-27T10:21:40.977	2026-08-27T10:21:41.110
sp_views_rowset2	-419139210	4	P	SQL_STORED_PROCEDURE	2026-08-27T10:22:27.517	2026-08-27T10:22:27.520
sp_dropdistributor	-418761487	4	P	SQL_STORED_PROCEDURE	2026-08-27T10:22:40.160	2026-08-27T10:23:00.100
sp_sqlagent_stop_job	-417558927	4	P	SQL_STORED_PROCEDURE	2026-08-27T10:22:32.673	2026-08-27T10:22:32.677
sp_assembly_dependencies_rowset2	-417453041	4	P	SQL_STORED_PROCEDURE	2026-08-27T10:22:27.637	2026-08-27T10:22:27.640
sp_help_log_shipping_monitor_primary	-417024249	4	P	SQL_STORED_PROCEDURE	2026-08-27T10:22:46.897	2026-08-27T10:22:46.980
sp_query_store_consistency_check	-416688684	4	X	EXTENDED_STORED_PROCEDURE	2026-08-27T10:22:13.863	2026-08-27T10:22:13.867
sp_cdc_get_captured_columns	-416546841	4	P	SQL_STORED_PROCEDURE	2026-08-27T10:22:48.530	2026-08-27T10:22:48.597
sp_addrole	-415394370	4	P	SQL_STORED_PROCEDURE	2026-08-27T10:21:37.450	2026-08-27T10:21:37.520
sp_copy_data_in_batches	-414536814	4	X	EXTENDED_STORED_PROCEDURE	2026-08-27T10:21:48.773	2026-08-27T10:21:48.777
sp_addlinkedserver	-414504921	4	P	SQL_STORED_PROCEDURE	2026-08-27T10:22:02.480	2026-08-27T10:22:02.523
sp_set_blob_ringbuffer_memory	-414262988	4	X	EXTENDED_STORED_PROCEDURE	2026-08-27T10:21:48.010	2026-08-27T10:21:48.013
sp_cursor_list	-413804164	4	P	SQL_STORED_PROCEDURE	2026-08-27T10:21:51.090	2026-08-27T10:21:51.150
fn_builtin_permissions	-413116802	4	IF	SQL_INLINE_TABLE_VALUED_FUNCTION	2026-08-27T10:21:35.080	2026-08-27T10:21:35.083
fn_cdc_check_parameters	-413025611	4	FN	SQL_SCALAR_FUNCTION	2026-08-27T10:22:48.547	2026-08-27T10:22:48.600
sp_MSget_session_statistics	-412973020	4	P	SQL_STORED_PROCEDURE	2026-08-27T10:22:45.120	2026-08-27T10:22:45.590
sp_MSdrop_6x_publication	-412531310	4	P	SQL_STORED_PROCEDURE	2026-08-27T10:22:45.007	2026-08-27T10:23:09.880
dm_exec_query_stats	-411581074	4	V	VIEW	2026-08-27T10:21:47.960	2026-08-27T10:21:47.963
sp_scriptsupdproc	-410649358	4	P	SQL_STORED_PROCEDURE	2026-08-27T10:22:42.943	2026-08-27T10:22:43.540
sp_copymergesnapshot	-410357437	4	P	SQL_STORED_PROCEDURE	2026-08-27T10:22:38.210	2026-08-27T10:22:38.593
sp_MSdbuserpriv	-410164128	4	P	SQL_STORED_PROCEDURE	2026-08-27T10:23:30.397	2026-08-27T10:23:30.430
sp_processlogshippingmonitorhistory	-409982176	4	P	SQL_STORED_PROCEDURE	2026-08-27T10:22:46.880	2026-08-27T10:22:46.980
sp_sqlexec	-408852670	4	P	SQL_STORED_PROCEDURE	2026-08-27T10:21:52.253	2026-08-27T10:21:52.257
fn_repluniquename	-408691375	4	FN	SQL_SCALAR_FUNCTION	2026-08-27T10:22:36.957	2026-08-27T10:22:38.607
sp_enum_oledb_providers	-407976655	4	P	SQL_STORED_PROCEDURE	2026-08-27T10:23:28.990	2026-08-27T10:23:29.027
dm_exec_compute_nodes	-407809822	4	V	VIEW	2026-08-27T10:22:11.400	2026-08-27T10:22:11.403
sp_cleanup_temporal_history	-407203757	4	P	SQL_STORED_PROCEDURE	2026-08-27T10:22:20.297	2026-08-27T10:22:20.300
dm_database_backup_lineage	-406722465	4	V	VIEW	2026-08-27T10:21:48.767	2026-08-27T10:21:48.770
sp_subscribe	-406376609	4	P	SQL_STORED_PROCEDURE	2026-08-27T10:22:42.597	2026-08-27T10:22:43.540
sp_detach_db	-406286736	4	P	SQL_STORED_PROCEDURE	2026-08-27T10:21:39.727	2026-08-27T10:21:39.770
sp_primary_keys_rowset	-406041953	4	P	SQL_STORED_PROCEDURE	2026-08-27T10:22:27.440	2026-08-27T10:22:27.457
sp_polybase_leave_group	-404757391	4	X	EXTENDED_STORED_PROCEDURE	2026-08-27T10:22:10.777	2026-08-27T10:22:10.780
dm_fts_semantic_similarity_population	-404521279	4	V	VIEW	2026-08-27T10:21:42.263	2026-08-27T10:21:42.267
sp_MShelp_snapshot_agentid	-404401010	4	P	SQL_STORED_PROCEDURE	2026-08-27T10:22:45.223	2026-08-27T10:23:10.220
sp_replication_agent_checkup	-403921148	4	P	SQL_STORED_PROCEDURE	2026-08-27T10:22:40.273	2026-08-27T10:22:40.647
fn_varbintohexsubstring	-403477184	4	FN	SQL_SCALAR_FUNCTION	2026-08-27T10:22:41.830	2026-08-27T10:22:43.550
sp_db_vardecimal_storage_format	-402855003	4	P	SQL_STORED_PROCEDURE	2026-08-27T10:21:39.763	2026-08-27T10:21:39.770
sp_MSdrop_publication	-401837579	4	P	SQL_STORED_PROCEDURE	2026-08-27T10:22:45.013	2026-08-27T10:23:09.890
sp_MScdc_logddl	-401610234	4	P	SQL_STORED_PROCEDURE	2026-08-27T10:22:48.207	2026-08-27T10:22:48.593
sp_reset_connection	-401594603	4	X	EXTENDED_STORED_PROCEDURE	2026-08-27T10:21:51.090	2026-08-27T10:21:51.150
sp_changereplicationserverpasswords	-401377604	4	P	SQL_STORED_PROCEDURE	2026-08-27T10:22:38.493	2026-08-27T10:22:38.613
sp_schemata_rowset	-400892491	4	P	SQL_STORED_PROCEDURE	2026-08-27T10:22:27.527	2026-08-27T10:22:27.533
sp_dropreplsymmetrickey	-400868168	4	P	SQL_STORED_PROCEDURE	2026-08-27T10:22:38.527	2026-08-27T10:22:38.613
sp_dropuser	-400640160	4	P	SQL_STORED_PROCEDURE	2026-08-27T10:21:37.447	2026-08-27T10:21:37.520
sp_MShelptranconflictcounts	-399639448	4	P	SQL_STORED_PROCEDURE	2026-08-27T10:22:43.010	2026-08-27T10:23:06.653
xp_fileexist	-399212635	4	X	EXTENDED_STORED_PROCEDURE	2026-08-27T10:23:28.977	2026-08-27T10:23:29.047
sp_sqlagent_delete_job	-398287099	4	P	SQL_STORED_PROCEDURE	2026-08-27T10:22:32.657	2026-08-27T10:22:32.660
sp_xtp_control_proc_exec_stats	-396621786	4	P	SQL_STORED_PROCEDURE	2026-08-27T10:23:45.553	2026-08-27T10:23:45.557
sp_releaseapplock	-395959103	4	P	SQL_STORED_PROCEDURE	2026-08-27T10:21:48.317	2026-08-27T10:21:48.653
sp_sm_detach	-395772660	4	X	EXTENDED_STORED_PROCEDURE	2026-08-27T10:22:10.780	2026-08-27T10:22:10.783
sp_fido_indexstore_upgrade_node	-395734542	4	X	EXTENDED_STORED_PROCEDURE	2026-08-27T10:22:10.797	2026-08-27T10:22:10.800
sp_settriggerorder	-394757827	4	P	SQL_STORED_PROCEDURE	2026-08-27T10:21:40.920	2026-08-27T10:21:41.107
sp_PostAgentInfo	-394611269	4	X	EXTENDED_STORED_PROCEDURE	2026-08-27T10:23:28.980	2026-08-27T10:23:29.033
sp_dw_trident_get_credential	-393927214	4	X	EXTENDED_STORED_PROCEDURE	2026-08-27T10:22:12.670	2026-08-27T10:22:12.673
sp_user_counter1	-393656317	4	P	SQL_STORED_PROCEDURE	2026-08-27T10:21:48.347	2026-08-27T10:21:48.653
sp_firstonly_bitmap	-392870584	4	P	SQL_STORED_PROCEDURE	2026-08-27T10:22:38.437	2026-08-27T10:23:04.400
sp_scriptmappedupdproc	-392329237	4	P	SQL_STORED_PROCEDURE	2026-08-27T10:22:42.940	2026-08-27T10:22:43.540
trace_columns	-392289513	4	V	VIEW	2026-08-27T10:21:59.137	2026-08-27T10:21:59.140
sp_MSdrop_distribution_agentid_dbowner_proxy	-392221799	4	P	SQL_STORED_PROCEDURE	2026-08-27T10:22:44.840	2026-08-27T10:22:45.593
REFERENTIAL_CONSTRAINTS	-391819058	3	V	VIEW	2026-08-27T10:22:29.997	2026-08-27T10:22:30
sp_MSreset_subscription_seqno	-391315258	4	P	SQL_STORED_PROCEDURE	2026-08-27T10:22:45.220	2026-08-27T10:22:45.593
sp_MSforeach_worker	-391278113	4	P	SQL_STORED_PROCEDURE	2026-08-27T10:23:30.333	2026-08-27T10:23:30.423
sp_MSobjectprivs	-390946989	4	P	SQL_STORED_PROCEDURE	2026-08-27T10:23:30.370	2026-08-27T10:23:30.427
sp_dw_set_backup_policy_override	-389807446	4	X	EXTENDED_STORED_PROCEDURE	2026-08-27T10:22:12.663	2026-08-27T10:22:12.667
sp_cleanup_all_average_column_length_statistics	-389497749	4	X	EXTENDED_STORED_PROCEDURE	2026-08-27T10:22:12.523	2026-08-27T10:22:12.527
sp_validatemergepullsubscription	-388241224	4	P	SQL_STORED_PROCEDURE	2026-08-27T10:22:38.317	2026-08-27T10:22:38.590
sp_MShelpmergeschemaarticles	-388082331	4	P	SQL_STORED_PROCEDURE	2026-08-27T10:22:56.407	2026-08-27T10:23:15.347
dm_dw_quality_index	-388067957	4	V	VIEW	2026-08-27T10:21:48.720	2026-08-27T10:21:48.723
sp_fido_set_retention_policy	-387083687	4	X	EXTENDED_STORED_PROCEDURE	2026-08-27T10:21:48.727	2026-08-27T10:21:48.730
sp_update_logical_pause_flag	-386898546	4	X	EXTENDED_STORED_PROCEDURE	2026-08-27T10:21:48.673	2026-08-27T10:21:48.677
sp_addpullsubscription_agent	-386798682	4	P	SQL_STORED_PROCEDURE	2026-08-27T10:22:37.303	2026-08-27T10:23:02.497
sp_helpfilegroup	-386280289	4	P	SQL_STORED_PROCEDURE	2026-08-27T10:21:48.303	2026-08-27T10:21:48.650
sp_helpmergepullsubscription	-386213325	4	P	SQL_STORED_PROCEDURE	2026-08-27T10:22:37.403	2026-08-27T10:23:02.673
sp_MSscript_sync_ins_trig	-385000493	4	P	SQL_STORED_PROCEDURE	2026-08-27T10:22:37.570	2026-08-27T10:22:38.603
sp_MSchange_logreader_agent_properties	-384296032	4	P	SQL_STORED_PROCEDURE	2026-08-27T10:22:45.427	2026-08-27T10:23:10.570
sp_describe_cursor_columns	-383475922	4	P	SQL_STORED_PROCEDURE	2026-08-27T10:21:51.087	2026-08-27T10:21:51.150
sp_MSsetbit	-382219379	4	P	SQL_STORED_PROCEDURE	2026-08-27T10:22:37.100	2026-08-27T10:22:38.583
sp_MSdrop_6x_replication_agent	-382184179	4	P	SQL_STORED_PROCEDURE	2026-08-27T10:22:42.997	2026-08-27T10:23:06.633
sp_MSvalidate_wellpartitioned_articles	-381525499	4	P	SQL_STORED_PROCEDURE	2026-08-27T10:22:55.123	2026-08-27T10:22:55.127
sp_replmonitorhelppublisher	-380510410	4	P	SQL_STORED_PROCEDURE	2026-08-27T10:22:45.370	2026-08-27T10:22:45.603
dm_os_job_object	-380468051	4	V	VIEW	2026-08-27T10:21:48.150	2026-08-27T10:21:48.153
sp_MSdetectinvalidpeerconfiguration	-379676407	4	P	SQL_STORED_PROCEDURE	2026-08-27T10:22:43.310	2026-08-27T10:22:43.557
sp_lock	-379671407	4	P	SQL_STORED_PROCEDURE	2026-08-27T10:21:48.313	2026-08-27T10:21:48.653
sp_syspolicy_update_event_notification	-379555063	4	P	SQL_STORED_PROCEDURE	2026-08-27T10:22:31.500	2026-08-27T10:22:31.590
sp_trace_create	-379124595	4	X	EXTENDED_STORED_PROCEDURE	2026-08-27T10:21:59.097	2026-08-27T10:21:59.100
sp_MSadd_merge_subscription	-378978854	4	P	SQL_STORED_PROCEDURE	2026-08-27T10:22:45.200	2026-08-27T10:22:45.580
sp_spaceused_remote_data_archive	-378243723	4	X	EXTENDED_STORED_PROCEDURE	2026-08-27T10:22:19.230	2026-08-27T10:22:19.233
fulltext_system_stopwords	-377091052	4	V	VIEW	2026-08-27T10:21:56.947	2026-08-27T10:21:56.950
sp_rsc_evict_all	-376266962	4	X	EXTENDED_STORED_PROCEDURE	2026-08-27T10:22:12.607	2026-08-27T10:22:12.610
sp_MSmerge_getgencur_public	-374480180	4	P	SQL_STORED_PROCEDURE	2026-08-27T10:22:52.527	2026-08-27T10:22:52.530
sp_helppublicationsync	-373631837	4	P	SQL_STORED_PROCEDURE	2026-08-27T10:22:39.850	2026-08-27T10:22:40.640
sp_MSmakemetadataselectproc	-373592709	4	P	SQL_STORED_PROCEDURE	2026-08-27T10:22:57.037	2026-08-27T10:23:15.787
sp_table_privileges_rowset2	-372813966	4	P	SQL_STORED_PROCEDURE	2026-08-27T10:22:27.490	2026-08-27T10:22:27.493
sp_MSenum_merge_s	-372036284	4	P	SQL_STORED_PROCEDURE	2026-08-27T10:22:45.143	2026-08-27T10:22:45.590
sp_replcleanupccsprocs	-371884990	4	P	SQL_STORED_PROCEDURE	2026-08-27T10:22:40.440	2026-08-27T10:22:40.647
sp_help_change_event_stream_tables	-371293385	4	P	SQL_STORED_PROCEDURE	2026-08-27T10:23:33.933	2026-08-27T10:23:33.977
fn_getproviderstring	-371125859	4	FN	SQL_SCALAR_FUNCTION	2026-08-27T10:22:39.840	2026-08-27T10:22:40.657
sp_MSunregistersubscription	-370555004	4	P	SQL_STORED_PROCEDURE	2026-08-27T10:22:37.340	2026-08-27T10:23:02.550
sp_xa_rollback	-370439369	4	X	EXTENDED_STORED_PROCEDURE	2026-08-27T10:23:31.600	2026-08-27T10:23:31.603
dm_hadr_cached_database_replica_states	-370124515	4	V	VIEW	2026-08-27T10:21:48.480	2026-08-27T10:21:48.483
sp_MSadd_distribution_agent	-369754666	4	P	SQL_STORED_PROCEDURE	2026-08-27T10:22:44.873	2026-08-27T10:23:09.677
dm_external_governance_sync_state	-369615395	4	V	VIEW	2026-08-27T10:21:35.117	2026-08-27T10:21:35.120
dm_db_internal_automatic_tuning_version	-369560083	4	V	VIEW	2026-08-27T10:22:22.477	2026-08-27T10:22:22.480
sp_restoremergeidentityrange	-368825759	4	P	SQL_STORED_PROCEDURE	2026-08-27T10:22:54.120	2026-08-27T10:22:54.123
sp_MSrepl_FixPALRole	-368352754	4	P	SQL_STORED_PROCEDURE	2026-08-27T10:22:38.413	2026-08-27T10:23:04.327
sp_MScreatedummygeneration	-368212662	4	P	SQL_STORED_PROCEDURE	2026-08-27T10:22:55.117	2026-08-27T10:22:55.120
sp_fido_tran_commit	-367912507	4	X	EXTENDED_STORED_PROCEDURE	2026-08-27T10:21:48.680	2026-08-27T10:21:48.683
dm_clr_tasks	-367613366	4	V	VIEW	2026-08-27T10:21:48.150	2026-08-27T10:21:48.153
sp_MSreset_subscription	-366885144	4	P	SQL_STORED_PROCEDURE	2026-08-27T10:22:45.217	2026-08-27T10:23:10.210
sp_alter_nt_job_mem_configs	-365662636	4	X	EXTENDED_STORED_PROCEDURE	2026-08-27T10:21:48.667	2026-08-27T10:21:48.670
sp_xml_schema_rowset	-365058032	4	P	SQL_STORED_PROCEDURE	2026-08-27T10:22:27.717	2026-08-27T10:22:27.720
sp_MSchange_subscription_dts_info	-364963374	4	P	SQL_STORED_PROCEDURE	2026-08-27T10:22:45.277	2026-08-27T10:23:10.313
sp_xa_init	-364701594	4	X	EXTENDED_STORED_PROCEDURE	2026-08-27T10:23:31.610	2026-08-27T10:23:31.613
sp_addmergearticle	-364584302	4	P	SQL_STORED_PROCEDURE	2026-08-27T10:22:54.227	2026-08-27T10:22:54.230
sp_dbmmonitorupdate	-364269261	4	P	SQL_STORED_PROCEDURE	2026-08-27T10:21:48.427	2026-08-27T10:21:48.663
dm_cache_size	-363637036	4	V	VIEW	2026-08-27T10:21:48.707	2026-08-27T10:21:48.710
dm_db_xtp_hash_index_stats	-363166918	4	V	VIEW	2026-08-27T10:23:45.443	2026-08-27T10:23:45.447
sp_provider_types_100_rowset	-362818813	4	P	SQL_STORED_PROCEDURE	2026-08-27T10:22:27.657	2026-08-27T10:22:27.660
sp_adddistributiondb	-362737538	4	P	SQL_STORED_PROCEDURE	2026-08-27T10:22:40.183	2026-08-27T10:23:00.110
dm_os_worker_local_storage	-362649280	4	V	VIEW	2026-08-27T10:21:48.157	2026-08-27T10:21:48.160
sp_table_privileges_ex	-362005483	4	P	SQL_STORED_PROCEDURE	2026-08-27T10:22:27.197	2026-08-27T10:22:27.200
sp_unbindrule	-361887888	4	P	SQL_STORED_PROCEDURE	2026-08-27T10:21:40.967	2026-08-27T10:21:41.107
sp_clear_dw_session_configurations	-361324496	4	X	EXTENDED_STORED_PROCEDURE	2026-08-27T10:22:12.647	2026-08-27T10:22:12.650
sp_article_validation	-360768736	4	P	SQL_STORED_PROCEDURE	2026-08-27T10:22:42.970	2026-08-27T10:22:43.537
sp_fido_get_remote_storage_size	-359757144	4	X	EXTENDED_STORED_PROCEDURE	2026-08-27T10:21:48.703	2026-08-27T10:21:48.707
sp_show_openrowset_statistics	-358825594	4	X	EXTENDED_STORED_PROCEDURE	2026-08-27T10:22:12.513	2026-08-27T10:22:12.517
sp_xa_start	-358117964	4	X	EXTENDED_STORED_PROCEDURE	2026-08-27T10:23:31.590	2026-08-27T10:23:31.593
sp_startpublication_snapshot	-356023828	4	P	SQL_STORED_PROCEDURE	2026-08-27T10:22:40.607	2026-08-27T10:22:40.657
sp_MSenumallpublications	-355148855	4	P	SQL_STORED_PROCEDURE	2026-08-27T10:22:37.230	2026-08-27T10:23:02.397
dm_db_persisted_sku_features	-354452907	4	V	VIEW	2026-08-27T10:21:26.983	2026-08-27T10:21:26.987
sp_remote_data_archive_event	-354384306	4	X	EXTENDED_STORED_PROCEDURE	2026-08-27T10:22:19.217	2026-08-27T10:22:19.220
sp_query_store_set_hints	-352295457	4	X	EXTENDED_STORED_PROCEDURE	2026-08-27T10:22:13.857	2026-08-27T10:22:13.860
sp_MSaddmergetriggers	-351910640	4	P	SQL_STORED_PROCEDURE	2026-08-27T10:22:52.643	2026-08-27T10:23:12.117
sp_oledbinfo	-351574664	4	P	SQL_STORED_PROCEDURE	2026-08-27T10:22:39.957	2026-08-27T10:22:40.647
sp_MShelp_repl_connection_string_key	-351452581	4	P	SQL_STORED_PROCEDURE	2026-08-27T10:22:45.353	2026-08-27T10:22:45.603
sp_indexes_90_rowset2	-350266563	4	P	SQL_STORED_PROCEDURE	2026-08-27T10:22:27.417	2026-08-27T10:22:27.420
sp_query_store_unforce_plan	-350015936	4	X	EXTENDED_STORED_PROCEDURE	2026-08-27T10:22:13.847	2026-08-27T10:22:13.850
sp_dropapprole	-347698839	4	P	SQL_STORED_PROCEDURE	2026-08-27T10:21:37.460	2026-08-27T10:21:37.523
sp_help_log_shipping_secondary_database	-347551797	4	P	SQL_STORED_PROCEDURE	2026-08-27T10:22:46.870	2026-08-27T10:22:46.980
sp_sequence_get_range	-347351180	4	P	SQL_STORED_PROCEDURE	2026-08-27T10:21:41.053	2026-08-27T10:21:41.110
sp_MSstartsnapshot_agent	-346432009	4	P	SQL_STORED_PROCEDURE	2026-08-27T10:22:45.457	2026-08-27T10:22:45.607
sp_fido_tran_set_token	-346124314	4	X	EXTENDED_STORED_PROCEDURE	2026-08-27T10:21:48.683	2026-08-27T10:21:48.687
sp_MSaddguidcolumn	-346045260	4	P	SQL_STORED_PROCEDURE	2026-08-27T10:22:52.473	2026-08-27T10:23:11.960
sp_help_fabric_mirroring	-345624308	4	P	SQL_STORED_PROCEDURE	2026-08-27T10:22:51.207	2026-08-27T10:22:51.293
sp_MSsetupnosyncsubwithlsnatdist_helper	-345607220	4	P	SQL_STORED_PROCEDURE	2026-08-27T10:22:44.743	2026-08-27T10:22:45.577
sp_cursorprepexec	-345271340	4	X	EXTENDED_STORED_PROCEDURE	2026-08-27T10:21:51.080	2026-08-27T10:21:51.147
sp_requestpeerresponse	-344075217	4	P	SQL_STORED_PROCEDURE	2026-08-27T10:22:43.330	2026-08-27T10:22:43.557
sp_MSpublication_access	-344063902	4	P	SQL_STORED_PROCEDURE	2026-08-27T10:22:40.317	2026-08-27T10:23:00.353
dm_db_column_store_redirected_lobs	-343769569	4	IF	SQL_INLINE_TABLE_VALUED_FUNCTION	2026-08-27T10:21:48.783	2026-08-27T10:21:48.787
dm_logpoolmgr_respoolsize	-343710968	4	IF	SQL_INLINE_TABLE_VALUED_FUNCTION	2026-08-27T10:21:48.227	2026-08-27T10:21:48.230
sp_MSget_new_xact_seqno	-343133738	4	P	SQL_STORED_PROCEDURE	2026-08-27T10:22:45.170	2026-08-27T10:22:45.590
sp_MSchange_feed_ddl_event	-343118501	4	P	SQL_STORED_PROCEDURE	2026-08-27T10:22:50.977	2026-08-27T10:22:51.290
sp_MScheck_logicalrecord_metadatamatch	-342852773	4	P	SQL_STORED_PROCEDURE	2026-08-27T10:22:57.203	2026-08-27T10:22:57.207
sp_createtranpalrole	-342617755	4	P	SQL_STORED_PROCEDURE	2026-08-27T10:22:38.420	2026-08-27T10:22:38.590
sp_procedures_rowset2	-342433552	4	P	SQL_STORED_PROCEDURE	2026-08-27T10:22:27.523	2026-08-27T10:22:27.527
sp_IHScriptSchFile	-341297121	4	P	SQL_STORED_PROCEDURE	2026-08-27T10:22:43.137	2026-08-27T10:22:43.553
sp_MScheck_agent_instance	-340120343	4	P	SQL_STORED_PROCEDURE	2026-08-27T10:22:37.663	2026-08-27T10:23:03.150
sp_MSrepl_snapshot_helparticlecolumns	-339743011	4	P	SQL_STORED_PROCEDURE	2026-08-27T10:22:42.180	2026-08-27T10:22:43.533
sp_MSsetupnosyncsubwithlsnatdist_cleanup	-339359115	4	P	SQL_STORED_PROCEDURE	2026-08-27T10:22:44.747	2026-08-27T10:22:45.577
sp_MSchangedynamicsnapshotjobatdistributor	-338977041	4	P	SQL_STORED_PROCEDURE	2026-08-27T10:22:45.300	2026-08-27T10:22:45.600
sp_serialize_dw_configuration_overrides	-338549798	4	X	EXTENDED_STORED_PROCEDURE	2026-08-27T10:22:12.650	2026-08-27T10:22:12.653
sp_replhelp	-338357447	4	X	EXTENDED_STORED_PROCEDURE	2026-08-27T10:22:38.560	2026-08-27T10:22:38.610
sp_MShelptracertokens	-338290756	4	P	SQL_STORED_PROCEDURE	2026-08-27T10:22:45.333	2026-08-27T10:23:10.403
fn_virtualfilestats	-337551382	4	TF	SQL_TABLE_VALUED_FUNCTION	2026-08-27T10:21:48.260	2026-08-27T10:21:48.263
sp_MScdc_ddl_event	-336962736	4	P	SQL_STORED_PROCEDURE	2026-08-27T10:22:48.180	2026-08-27T10:22:48.593
sp_get_dw_table_metrics	-336822632	4	X	EXTENDED_STORED_PROCEDURE	2026-08-27T10:22:12.640	2026-08-27T10:22:12.643
dm_column_encryption_enclave	-336244883	4	V	VIEW	2026-08-27T10:21:35.097	2026-08-27T10:21:35.100
sp_help_fabric_mirroring_table	-336239314	4	P	SQL_STORED_PROCEDURE	2026-08-27T10:22:51.210	2026-08-27T10:22:51.293
dm_db_index_usage_stats	-334110873	4	V	VIEW	2026-08-27T10:21:46.803	2026-08-27T10:21:46.807
dm_db_index_physical_stats	-333557461	4	IF	SQL_INLINE_TABLE_VALUED_FUNCTION	2026-08-27T10:21:47.947	2026-08-27T10:21:47.950
dm_cluster_endpoints	-332992316	4	V	VIEW	2026-08-27T10:22:11.327	2026-08-27T10:22:11.330
sp_MSbrowsesnapshotfolder	-331957234	4	P	SQL_STORED_PROCEDURE	2026-08-27T10:22:45.270	2026-08-27T10:23:10.293
SEQUENCES	-331432826	3	V	VIEW	2026-08-27T10:22:30.037	2026-08-27T10:22:30.040
dm_os_buffer_descriptors	-330796626	4	V	VIEW	2026-08-27T10:21:48.040	2026-08-27T10:21:48.043
sp_oledb_ro_usrname	-330740239	4	P	SQL_STORED_PROCEDURE	2026-08-27T10:22:27.597	2026-08-27T10:22:27.600
sp_MSrepl_check_publisher	-330582943	4	P	SQL_STORED_PROCEDURE	2026-08-27T10:22:40.520	2026-08-27T10:22:40.647
sp_get_oldest_active_transaction_time	-330310614	4	P	SQL_STORED_PROCEDURE	2026-08-27T10:22:12.657	2026-08-27T10:22:12.660
dm_tran_active_snapshot_database_transactions	-329906142	4	V	VIEW	2026-08-27T10:21:48.177	2026-08-27T10:21:48.180
sp_set_format_type_ls_syntax	-329341469	4	X	EXTENDED_STORED_PROCEDURE	2026-08-27T10:22:12.560	2026-08-27T10:22:12.563
sp_helpdistributor	-329161940	4	P	SQL_STORED_PROCEDURE	2026-08-27T10:22:39.893	2026-08-27T10:22:59.787
sp_force_slog_truncation	-329134745	4	X	EXTENDED_STORED_PROCEDURE	2026-08-27T10:21:48.547	2026-08-27T10:21:48.550
sp_fulltext_table	-328876323	4	P	SQL_STORED_PROCEDURE	2026-08-27T10:21:42.333	2026-08-27T10:21:42.410
sp_MSrepl_schema	-328631229	4	P	SQL_STORED_PROCEDURE	2026-08-27T10:22:43.063	2026-08-27T10:22:43.547
sp_external_governance_initiate_synchronization	-328264633	4	X	EXTENDED_STORED_PROCEDURE	2026-08-27T10:21:48.770	2026-08-27T10:21:48.773
sp_MSrepl_backup_start	-328162900	4	P	SQL_STORED_PROCEDURE	2026-08-27T10:22:38.130	2026-08-27T10:23:03.750
sp_MSgetlastrecgen	-327386592	4	P	SQL_STORED_PROCEDURE	2026-08-27T10:22:56.433	2026-08-27T10:23:15.357
sp_mi_dag_repair	-326434871	4	X	EXTENDED_STORED_PROCEDURE	2026-08-27T10:21:48.543	2026-08-27T10:21:48.547
sp_show_external_table_average_column_length_statistics	-325882452	4	X	EXTENDED_STORED_PROCEDURE	2026-08-27T10:22:12.527	2026-08-27T10:22:12.530
sp_MSdrop_snapshot_dirs	-325750352	4	P	SQL_STORED_PROCEDURE	2026-08-27T10:22:45.070	2026-08-27T10:22:45.587
fn_dblog_xtp	-325080774	4	IF	SQL_INLINE_TABLE_VALUED_FUNCTION	2026-08-27T10:23:45.473	2026-08-27T10:23:45.483
sp_reset_session_context	-324742038	4	X	EXTENDED_STORED_PROCEDURE	2026-08-27T10:21:51.123	2026-08-27T10:21:51.157
xp_fixeddrives	-324230772	4	X	EXTENDED_STORED_PROCEDURE	2026-08-27T10:23:28.973	2026-08-27T10:23:29.047
sp_MSissnapshotitemapplied	-324175416	4	P	SQL_STORED_PROCEDURE	2026-08-27T10:22:36.853	2026-08-27T10:22:38.580
xp_sqlagent_monitor	-323873340	4	X	EXTENDED_STORED_PROCEDURE	2026-08-27T10:23:28.973	2026-08-27T10:23:29.047
dm_fts_index_keywords_by_document	-323699844	4	IF	SQL_INLINE_TABLE_VALUED_FUNCTION	2026-08-27T10:21:42.363	2026-08-27T10:21:42.410
sp_MSgetmakegenerationapplock	-322699829	4	P	SQL_STORED_PROCEDURE	2026-08-27T10:22:52.520	2026-08-27T10:23:12.040
sp_MSupdateinitiallightweightsubscription	-322252413	4	P	SQL_STORED_PROCEDURE	2026-08-27T10:22:58.463	2026-08-27T10:22:58.467
dm_logpool_sharedcachebuffers	-321212601	4	IF	SQL_INLINE_TABLE_VALUED_FUNCTION	2026-08-27T10:21:48.230	2026-08-27T10:21:48.233
sp_change_tracking_waitforchanges	-321037607	4	X	EXTENDED_STORED_PROCEDURE	2026-08-27T10:21:48.540	2026-08-27T10:21:48.667
sp_change_feed_reseed_db_start_replication	-320955944	4	P	SQL_STORED_PROCEDURE	2026-08-27T10:22:51.267	2026-08-27T10:22:51.293
trace_xe_event_map	-319884821	4	U	USER_TABLE	2026-08-27T10:21:48.623	2026-08-27T10:21:48.633
sp_trident_create_distributed_delta_checkpoint	-319779718	4	X	EXTENDED_STORED_PROCEDURE	2026-08-27T10:22:12.633	2026-08-27T10:22:12.637
fn_hadr_distributed_ag_replica	-319485775	4	IF	SQL_INLINE_TABLE_VALUED_FUNCTION	2026-08-27T10:21:48.480	2026-08-27T10:21:48.483
sp_change_feed_reseed_db_init	-318895503	4	P	SQL_STORED_PROCEDURE	2026-08-27T10:22:51.150	2026-08-27T10:22:51.293
sp_MSinvalidate_snapshot	-317728120	4	P	SQL_STORED_PROCEDURE	2026-08-27T10:22:45.313	2026-08-27T10:22:45.600
sp_clear_dw_raft_cache	-316875156	4	X	EXTENDED_STORED_PROCEDURE	2026-08-27T10:22:12.680	2026-08-27T10:22:12.683
sp_delete_log_shipping_primary_database	-316436960	4	P	SQL_STORED_PROCEDURE	2026-08-27T10:22:46.803	2026-08-27T10:22:46.980
sp_foreign_keys_rowset_rmt	-315464848	4	P	SQL_STORED_PROCEDURE	2026-08-27T10:22:27.393	2026-08-27T10:22:27.397
sp_getschemalock	-315066412	4	X	EXTENDED_STORED_PROCEDURE	2026-08-27T10:21:41.053	2026-08-27T10:21:41.110
xp_readerrorlog	-314669890	4	X	EXTENDED_STORED_PROCEDURE	2026-08-27T10:23:28.970	2026-08-27T10:23:29.040
sp_MSadd_compensating_cmd	-314620464	4	P	SQL_STORED_PROCEDURE	2026-08-27T10:22:38.327	2026-08-27T10:22:38.603
sp_MSgetmetadatabatch	-313667406	4	P	SQL_STORED_PROCEDURE	2026-08-27T10:22:56.570	2026-08-27T10:22:56.573
sp_addsynctriggers	-313075525	4	P	SQL_STORED_PROCEDURE	2026-08-27T10:22:37.630	2026-08-27T10:23:03.073
sp_MSmergeupdatelastsyncinfo	-312627729	4	P	SQL_STORED_PROCEDURE	2026-08-27T10:22:38.383	2026-08-27T10:22:38.590
sp_describe_cursor	-312521294	4	P	SQL_STORED_PROCEDURE	2026-08-27T10:21:51.083	2026-08-27T10:21:51.150
sp_MSgetonerowlightweight	-312465602	4	P	SQL_STORED_PROCEDURE	2026-08-27T10:22:58.593	2026-08-27T10:22:58.597
sp_dbremove	-312159816	4	P	SQL_STORED_PROCEDURE	2026-08-27T10:21:39.713	2026-08-27T10:21:39.770
sp_dbfixedrolepermission	-311109407	4	P	SQL_STORED_PROCEDURE	2026-08-27T10:21:35.210	2026-08-27T10:21:35.230
sp_MSsetsubscriberinfo	-309057885	4	P	SQL_STORED_PROCEDURE	2026-08-27T10:22:57.133	2026-08-27T10:22:57.137
sp_repair_logical_index_corruption	-308283424	4	X	EXTENDED_STORED_PROCEDURE	2026-08-27T10:21:48.797	2026-08-27T10:21:48.800
sp_addmergepullsubscription_agent	-308075361	4	P	SQL_STORED_PROCEDURE	2026-08-27T10:22:37.430	2026-08-27T10:23:02.683
sp_setapprole	-307614281	4	P	SQL_STORED_PROCEDURE	2026-08-27T10:21:37.457	2026-08-27T10:21:37.523
sp_MSdist_adjust_identity	-307602345	4	P	SQL_STORED_PROCEDURE	2026-08-27T10:22:45.273	2026-08-27T10:23:10.303
sp_change_feed_disable_table	-306831672	4	P	SQL_STORED_PROCEDURE	2026-08-27T10:22:51.137	2026-08-27T10:22:51.290
dm_column_encryption_enclave_properties	-306076761	4	V	VIEW	2026-08-27T10:21:35.100	2026-08-27T10:21:35.103
sp_xtp_objects_present	-305590517	4	P	SQL_STORED_PROCEDURE	2026-08-27T10:23:45.563	2026-08-27T10:23:45.567
dm_server_services	-305100784	4	V	VIEW	2026-08-27T10:22:09.683	2026-08-27T10:22:09.687
sp_monitor	-305049472	4	P	SQL_STORED_PROCEDURE	2026-08-27T10:21:48.357	2026-08-27T10:21:48.653
dm_tran_active_transactions	-304925132	4	V	VIEW	2026-08-27T10:21:48.027	2026-08-27T10:21:48.030
dm_hpc_thread_proxy_stats	-304327105	4	V	VIEW	2026-08-27T10:21:48.570	2026-08-27T10:21:48.573
sp_MSfixupbeforeimagetables	-303626405	4	P	SQL_STORED_PROCEDURE	2026-08-27T10:22:57.200	2026-08-27T10:22:57.203
sp_MSenum_snapshot_s	-303587480	4	P	SQL_STORED_PROCEDURE	2026-08-27T10:22:45.087	2026-08-27T10:22:45.587
sp_droplogin	-303177665	4	P	SQL_STORED_PROCEDURE	2026-08-27T10:22:01.347	2026-08-27T10:22:01.377
sp_verify_database_ledger	-302941687	4	X	EXTENDED_STORED_PROCEDURE	2026-08-27T10:21:48.750	2026-08-27T10:21:48.753
sp_create_plan_guide_from_handle	-302542694	4	P	SQL_STORED_PROCEDURE	2026-08-27T10:21:51.100	2026-08-27T10:21:51.153
sp_MSsetconflicttable	-302442513	4	P	SQL_STORED_PROCEDURE	2026-08-27T10:22:56.697	2026-08-27T10:23:15.510
sp_add_log_shipping_secondary_primary	-300900968	4	P	SQL_STORED_PROCEDURE	2026-08-27T10:22:46.837	2026-08-27T10:22:46.980
sp_MSadd_subscriber_info	-300466356	4	P	SQL_STORED_PROCEDURE	2026-08-27T10:22:44.967	2026-08-27T10:23:09.777
sp_get_endpoint_certificate	-300119028	4	X	EXTENDED_STORED_PROCEDURE	2026-08-27T10:21:35.257	2026-08-27T10:21:35.260
sp_changedbowner	-300099822	4	P	SQL_STORED_PROCEDURE	2026-08-27T10:21:37.470	2026-08-27T10:21:37.523
sp_MSsetalertinfo	-299701241	4	P	SQL_STORED_PROCEDURE	2026-08-27T10:23:30.460	2026-08-27T10:23:30.463
sp_adddatatype	-298952763	4	P	SQL_STORED_PROCEDURE	2026-08-27T10:22:40.450	2026-08-27T10:22:40.650
sp_scriptupdproc	-298858507	4	P	SQL_STORED_PROCEDURE	2026-08-27T10:22:42.940	2026-08-27T10:22:43.540
sp_db_increased_partitions	-298601427	4	P	SQL_STORED_PROCEDURE	2026-08-27T10:21:48.553	2026-08-27T10:21:48.667
sp_revokelogin	-298403117	4	P	SQL_STORED_PROCEDURE	2026-08-27T10:22:01.357	2026-08-27T10:22:01.377
sp_changearticle	-297786056	4	P	SQL_STORED_PROCEDURE	2026-08-27T10:22:42.503	2026-08-27T10:22:43.537
sp_MScleanupmergepublisher_internal	-296718441	4	P	SQL_STORED_PROCEDURE	2026-08-27T10:22:40.370	2026-08-27T10:23:00.420
sp_certificate_issuers	-294859971	4	X	EXTENDED_STORED_PROCEDURE	2026-08-27T10:21:35.257	2026-08-27T10:21:35.260
sp_tableoption	-294144199	4	P	SQL_STORED_PROCEDURE	2026-08-27T10:21:40.927	2026-08-27T10:21:41.107
sp_MSchangearticleresolver	-293916279	4	P	SQL_STORED_PROCEDURE	2026-08-27T10:22:56.420	2026-08-27T10:22:56.423
sp_MSadd_distribution_history	-293476538	4	P	SQL_STORED_PROCEDURE	2026-08-27T10:22:45.067	2026-08-27T10:23:09.963
sp_cdc_generate_wrapper_function	-293460303	4	P	SQL_STORED_PROCEDURE	2026-08-27T10:22:48.540	2026-08-27T10:22:48.597
xp_replposteor	-293437451	4	X	EXTENDED_STORED_PROCEDURE	2026-08-27T10:22:38.550	2026-08-27T10:22:38.610
sp_MSuplineageversion	-293395075	4	P	SQL_STORED_PROCEDURE	2026-08-27T10:22:56.433	2026-08-27T10:22:56.437
syscscontainers	-292564105	4	V	VIEW	2026-08-27T10:21:48.603	2026-08-27T10:21:48.607
sp_dropextendedproperty	-292408992	4	P	SQL_STORED_PROCEDURE	2026-08-27T10:21:36.367	2026-08-27T10:21:36.370
fn_servershareddrives	-292273640	4	TF	SQL_TABLE_VALUED_FUNCTION	2026-08-27T10:21:48.253	2026-08-27T10:21:48.257
sp_MSregenerate_mergetriggersprocs	-292026174	4	P	SQL_STORED_PROCEDURE	2026-08-27T10:22:55.153	2026-08-27T10:22:55.157
sp_trace_setstatus	-291903302	4	X	EXTENDED_STORED_PROCEDURE	2026-08-27T10:21:59.107	2026-08-27T10:21:59.110
sp_fulltext_pendingchanges	-291474181	4	X	EXTENDED_STORED_PROCEDURE	2026-08-27T10:21:42.277	2026-08-27T10:21:42.410
dm_tran_global_transactions_enlistments	-290809846	4	V	VIEW	2026-08-27T10:21:48.610	2026-08-27T10:21:48.613
sp_MSinsertschemachange	-290422493	4	P	SQL_STORED_PROCEDURE	2026-08-27T10:22:57.057	2026-08-27T10:23:15.817
sp_MSdummyupdate	-290006557	4	P	SQL_STORED_PROCEDURE	2026-08-27T10:22:56.477	2026-08-27T10:23:15.390
dm_dw_pit_databases	-289907301	4	V	VIEW	2026-08-27T10:21:48.590	2026-08-27T10:21:48.593
sp_addqreader_agent	-289633593	4	P	SQL_STORED_PROCEDURE	2026-08-27T10:22:45.440	2026-08-27T10:22:45.607
sp_MSevaluate_change_membership_for_row	-289063091	4	P	SQL_STORED_PROCEDURE	2026-08-27T10:22:55.050	2026-08-27T10:22:55.053
sp_MStestbit	-288627733	4	P	SQL_STORED_PROCEDURE	2026-08-27T10:22:37.097	2026-08-27T10:22:38.583
sp_MSdistribution_counters	-288608391	4	P	SQL_STORED_PROCEDURE	2026-08-27T10:22:44.990	2026-08-27T10:23:09.830
sp_MScomputelastsentgen	-287753042	4	P	SQL_STORED_PROCEDURE	2026-08-27T10:22:57.160	2026-08-27T10:22:57.163
sp_MSupdatecachedpeerlsn	-286307514	4	P	SQL_STORED_PROCEDURE	2026-08-27T10:22:45.340	2026-08-27T10:22:45.603
sp_helpdistributor_properties	-286185109	4	P	SQL_STORED_PROCEDURE	2026-08-27T10:22:40.100	2026-08-27T10:22:59.987
sp_articlecolumn	-285882959	4	P	SQL_STORED_PROCEDURE	2026-08-27T10:22:42.137	2026-08-27T10:22:43.533
sp_MSdropconstraints	-285389157	4	P	SQL_STORED_PROCEDURE	2026-08-27T10:22:57.053	2026-08-27T10:23:15.807
sp_helpdbfixedrole	-284265562	4	P	SQL_STORED_PROCEDURE	2026-08-27T10:21:35.207	2026-08-27T10:21:35.250
dm_os_enumerate_filesystem	-284025712	4	IF	SQL_INLINE_TABLE_VALUED_FUNCTION	2026-08-27T10:21:48.630	2026-08-27T10:21:48.633
sp_dropdistributiondb	-283787481	4	P	SQL_STORED_PROCEDURE	2026-08-27T10:22:40.140	2026-08-27T10:23:00.087
sp_MSrecordsnapshotdeliveryprogress	-283403333	4	P	SQL_STORED_PROCEDURE	2026-08-27T10:22:36.850	2026-08-27T10:22:38.580
dm_external_data_processed	-282414058	4	V	VIEW	2026-08-27T10:22:12.583	2026-08-27T10:22:12.587
xp_sscanf	-281000414	4	X	EXTENDED_STORED_PROCEDURE	2026-08-27T10:21:52.260	2026-08-27T10:21:52.263
sp_MSset_sub_guid	-280603845	4	P	SQL_STORED_PROCEDURE	2026-08-27T10:22:38.177	2026-08-27T10:22:38.590
dm_db_incremental_stats_properties	-280166929	4	IF	SQL_INLINE_TABLE_VALUED_FUNCTION	2026-08-27T10:21:46.827	2026-08-27T10:21:46.830
sp_MSinsert_identity	-279933393	4	P	SQL_STORED_PROCEDURE	2026-08-27T10:22:45.283	2026-08-27T10:22:45.597
sp_MSdrop_subscription	-278372185	4	P	SQL_STORED_PROCEDURE	2026-08-27T10:22:44.903	2026-08-27T10:23:09.710
sp_MSquery_syncstates	-278346770	4	P	SQL_STORED_PROCEDURE	2026-08-27T10:22:44.763	2026-08-27T10:22:45.600
sp_addlogreader_agent	-277882874	4	P	SQL_STORED_PROCEDURE	2026-08-27T10:22:43.377	2026-08-27T10:22:43.560
sp_create_removable	-277841095	4	P	SQL_STORED_PROCEDURE	2026-08-27T10:21:39.723	2026-08-27T10:21:39.770
dm_db_file_space_usage	-277581021	4	V	VIEW	2026-08-27T10:21:47.930	2026-08-27T10:21:47.933
sp_MSenum_merge_subscriptions_90_publisher	-276892778	4	P	SQL_STORED_PROCEDURE	2026-08-27T10:22:45.207	2026-08-27T10:23:10.177
sp_describe_first_result_set	-276286976	4	X	EXTENDED_STORED_PROCEDURE	2026-08-27T10:21:51.093	2026-08-27T10:21:51.153
sp_MSget_max_used_identity	-275152959	4	P	SQL_STORED_PROCEDURE	2026-08-27T10:22:45.350	2026-08-27T10:22:45.573
sp_MSmakedynsnapshotvws	-275072339	4	P	SQL_STORED_PROCEDURE	2026-08-27T10:22:57.190	2026-08-27T10:22:57.193
sp_replmonitorhelppublicationthresholds	-274284928	4	P	SQL_STORED_PROCEDURE	2026-08-27T10:22:45.413	2026-08-27T10:23:10.537
sp_invalidate_textptr	-273614185	4	P	SQL_STORED_PROCEDURE	2026-08-27T10:21:48.287	2026-08-27T10:21:48.650
dm_broker_activated_tasks	-273579653	4	V	VIEW	2026-08-27T10:21:55.810	2026-08-27T10:21:55.813
sp_change_feed_reseed_table	-273120759	4	P	SQL_STORED_PROCEDURE	2026-08-27T10:22:51.163	2026-08-27T10:22:51.290
sp_statistics	-273041825	4	P	SQL_STORED_PROCEDURE	2026-08-27T10:22:27.177	2026-08-27T10:22:27.180
sp_scriptpublicationcustomprocs	-273012219	4	P	SQL_STORED_PROCEDURE	2026-08-27T10:22:41.887	2026-08-27T10:22:43.533
sp_cursorclose	-272966516	4	X	EXTENDED_STORED_PROCEDURE	2026-08-27T10:21:51.080	2026-08-27T10:21:51.147
availability_group_listeners	-272908812	4	V	VIEW	2026-08-27T10:21:48.517	2026-08-27T10:21:48.520
dm_broker_queue_monitors	-272834121	4	V	VIEW	2026-08-27T10:21:55.807	2026-08-27T10:21:55.810
dm_exec_distributed_sql_requests	-272238489	4	V	VIEW	2026-08-27T10:22:11.363	2026-08-27T10:22:11.367
sp_MSSQLOLE65_version	-271525983	4	P	SQL_STORED_PROCEDURE	2026-08-27T10:23:30.377	2026-08-27T10:23:30.430
sp_prepexec	-271049915	4	X	EXTENDED_STORED_PROCEDURE	2026-08-27T10:21:51.090	2026-08-27T10:21:51.150
xp_passAgentInfo	-270644732	4	X	EXTENDED_STORED_PROCEDURE	2026-08-27T10:23:28.980	2026-08-27T10:23:29.030
sp_collect_backend_plan	-270021144	4	X	EXTENDED_STORED_PROCEDURE	2026-08-27T10:22:10.793	2026-08-27T10:22:10.797
sp_MSforce_drop_distribution_jobs	-269985935	4	P	SQL_STORED_PROCEDURE	2026-08-27T10:22:45.470	2026-08-27T10:22:45.610
sp_MSadd_subscriber_schedule	-269356371	4	P	SQL_STORED_PROCEDURE	2026-08-27T10:22:44.970	2026-08-27T10:23:09.787
sp_set_session_resource_group	-269230376	4	X	EXTENDED_STORED_PROCEDURE	2026-08-27T10:22:10.783	2026-08-27T10:22:10.787
sp_addsubscriber_schedule	-268821265	4	P	SQL_STORED_PROCEDURE	2026-08-27T10:22:39.933	2026-08-27T10:22:59.880
sp_MSSQLOLE_version	-268219687	4	P	SQL_STORED_PROCEDURE	2026-08-27T10:23:30.377	2026-08-27T10:23:30.430
sp_deletemergeconflictrow	-268189240	4	P	SQL_STORED_PROCEDURE	2026-08-27T10:22:54.920	2026-08-27T10:22:54.923
dm_os_memory_cache_counters	-267822312	4	V	VIEW	2026-08-27T10:21:48.053	2026-08-27T10:21:48.057
sp_MSprepare_mergearticle	-267728737	4	P	SQL_STORED_PROCEDURE	2026-08-27T10:22:52.483	2026-08-27T10:22:52.487
CHECK_CONSTRAINTS	-266402733	3	V	VIEW	2026-08-27T10:22:30	2026-08-27T10:22:30.003
sp_MSpeertopeerfwdingexec	-266309725	4	P	SQL_STORED_PROCEDURE	2026-08-27T10:22:43.323	2026-08-27T10:22:43.557
sp_MSenumdeletesmetadata	-266234835	4	P	SQL_STORED_PROCEDURE	2026-08-27T10:22:56.507	2026-08-27T10:23:15.457
sp_MSreset_synctran_bit	-266090599	4	P	SQL_STORED_PROCEDURE	2026-08-27T10:22:38.193	2026-08-27T10:23:03.953
sp_statistics_rowset2	-265731399	4	P	SQL_STORED_PROCEDURE	2026-08-27T10:22:27.533	2026-08-27T10:22:27.537
sp_user_counter2	-264610931	4	P	SQL_STORED_PROCEDURE	2026-08-27T10:21:48.347	2026-08-27T10:21:48.653
sp_schemafilter	-264277491	4	P	SQL_STORED_PROCEDURE	2026-08-27T10:22:43.160	2026-08-27T10:22:43.553
xp_revokelogin	-264239887	4	P	SQL_STORED_PROCEDURE	2026-08-27T10:22:01.360	2026-08-27T10:22:01.377
sp_primary_keys_rowset_rmt	-264039535	4	P	SQL_STORED_PROCEDURE	2026-08-27T10:22:27.460	2026-08-27T10:22:27.463
sp_set_def_format_type_extractor	-262889007	4	X	EXTENDED_STORED_PROCEDURE	2026-08-27T10:22:12.560	2026-08-27T10:22:12.563
dm_db_external_language_stats	-262741267	4	V	VIEW	2026-08-27T10:21:48.187	2026-08-27T10:21:48.190
sp_flush_commit_table_on_demand	-262735975	4	P	SQL_STORED_PROCEDURE	2026-08-27T10:21:48.273	2026-08-27T10:21:48.277
sp_validatemergepublication	-262165357	4	P	SQL_STORED_PROCEDURE	2026-08-27T10:22:54.890	2026-08-27T10:22:54.893
sp_cleanupdbreplication	-261747322	4	P	SQL_STORED_PROCEDURE	2026-08-27T10:22:37.670	2026-08-27T10:23:03.170
sp_scriptsinsproc	-261247700	4	P	SQL_STORED_PROCEDURE	2026-08-27T10:22:42.877	2026-08-27T10:22:43.540
dm_change_feed_errors	-260930620	4	V	VIEW	2026-08-27T10:22:51.220	2026-08-27T10:22:51.293
sp_MSsetupnosyncsubwithlsnatdist	-260875973	4	P	SQL_STORED_PROCEDURE	2026-08-27T10:22:44.760	2026-08-27T10:23:09.600
sp_MSrepl_enumtablecolumninfo	-260712848	4	P	SQL_STORED_PROCEDURE	2026-08-27T10:22:40.533	2026-08-27T10:22:40.653
sp_MSenumallsubscriptions	-259663488	4	P	SQL_STORED_PROCEDURE	2026-08-27T10:22:37.213	2026-08-27T10:23:02.387
dm_tran_persistent_version_store	-258976999	4	V	VIEW	2026-08-27T10:21:48.620	2026-08-27T10:21:48.623
dm_tran_session_transactions	-258663724	4	V	VIEW	2026-08-27T10:21:51.073	2026-08-27T10:21:51.077
sp_xa_forget_ex	-257993907	4	X	EXTENDED_STORED_PROCEDURE	2026-08-27T10:23:31.607	2026-08-27T10:23:31.610
sp_testlinkedserver	-257887146	4	X	EXTENDED_STORED_PROCEDURE	2026-08-27T10:22:02.520	2026-08-27T10:22:02.527
fn_MSvector_downloadonly	-257717349	4	FN	SQL_SCALAR_FUNCTION	2026-08-27T10:22:57.220	2026-08-27T10:22:57.223
sp_vupgrade_mergeobjects	-256600618	4	P	SQL_STORED_PROCEDURE	2026-08-27T10:22:38.093	2026-08-27T10:22:38.607
sp_dropdistpublisher	-256376503	4	P	SQL_STORED_PROCEDURE	2026-08-27T10:22:40.110	2026-08-27T10:23:00
sp_add_data_file_recover_suspect_db	-256301587	4	P	SQL_STORED_PROCEDURE	2026-08-27T10:21:39.747	2026-08-27T10:21:39.770
sp_datatype_info_100	-255882266	4	P	SQL_STORED_PROCEDURE	2026-08-27T10:22:27.063	2026-08-27T10:22:27.067
trace_categories	-255560655	4	V	VIEW	2026-08-27T10:21:59.130	2026-08-27T10:21:59.133
dm_clr_appdomains	-255517258	4	V	VIEW	2026-08-27T10:21:48.143	2026-08-27T10:21:48.147
sp_get_external_table_cardinality	-255183483	4	X	EXTENDED_STORED_PROCEDURE	2026-08-27T10:22:12.527	2026-08-27T10:22:12.530
sp_detour_top_memory_allocations	-254341077	4	P	SQL_STORED_PROCEDURE	2026-08-27T10:21:48.780	2026-08-27T10:21:48.783
sp_get_file_splits	-253897271	4	X	EXTENDED_STORED_PROCEDURE	2026-08-27T10:21:48.733	2026-08-27T10:21:48.737
dm_db_xtp_gc_cycle_stats	-253460977	4	V	VIEW	2026-08-27T10:23:45.400	2026-08-27T10:23:45.403
sp_MStran_ddlrepl	-253233593	4	P	SQL_STORED_PROCEDURE	2026-08-27T10:22:43.353	2026-08-27T10:23:07.083
sp_MSsetrowmetadata	-252238635	4	P	SQL_STORED_PROCEDURE	2026-08-27T10:22:56.583	2026-08-27T10:22:56.587
sp_lookupcustomresolver	-252228858	4	P	SQL_STORED_PROCEDURE	2026-08-27T10:22:54.030	2026-08-27T10:23:13.323
sp_addmergefilter	-252033587	4	P	SQL_STORED_PROCEDURE	2026-08-27T10:22:54.830	2026-08-27T10:22:54.833
sp_IHget_loopback_detection	-251997161	4	P	SQL_STORED_PROCEDURE	2026-08-27T10:22:43.177	2026-08-27T10:23:06.893
sp_repldeletequeuedtran	-251789303	4	P	SQL_STORED_PROCEDURE	2026-08-27T10:22:43.283	2026-08-27T10:22:43.550
dm_change_event_stream_log_scan_sessions	-251753867	4	V	VIEW	2026-08-27T10:23:33.943	2026-08-27T10:23:33.977
sp_processlogshippingmonitorsecondary	-251303508	4	P	SQL_STORED_PROCEDURE	2026-08-27T10:22:46.830	2026-08-27T10:22:46.980
sp_columns_rowset2	-250456262	4	P	SQL_STORED_PROCEDURE	2026-08-27T10:22:27.333	2026-08-27T10:22:27.337
sp_set_distributed_feedback_context	-249337912	4	X	EXTENDED_STORED_PROCEDURE	2026-08-27T10:22:10.770	2026-08-27T10:22:10.773
sp_usertypes_rowset_rmt	-248292109	4	P	SQL_STORED_PROCEDURE	2026-08-27T10:22:27.643	2026-08-27T10:22:27.647
sp_drop_agent_parameter	-246781560	4	P	SQL_STORED_PROCEDURE	2026-08-27T10:22:40.237	2026-08-27T10:22:40.643
sp_helpextendedproc	-246118209	4	P	SQL_STORED_PROCEDURE	2026-08-27T10:21:54.717	2026-08-27T10:21:54.737
dm_exec_sql_text	-245973352	4	IF	SQL_INLINE_TABLE_VALUED_FUNCTION	2026-08-27T10:21:51.010	2026-08-27T10:21:51.013
sp_MSsetaccesslist	-245928929	4	P	SQL_STORED_PROCEDURE	2026-08-27T10:22:37.187	2026-08-27T10:22:38.583
sp_MSenumpartialdeletes	-245848481	4	P	SQL_STORED_PROCEDURE	2026-08-27T10:22:56.513	2026-08-27T10:22:56.517
dm_fts_index_keywords_by_property	-245696018	4	IF	SQL_INLINE_TABLE_VALUED_FUNCTION	2026-08-27T10:21:42.363	2026-08-27T10:21:42.410
sp_MSaddinitialarticle	-245642471	4	P	SQL_STORED_PROCEDURE	2026-08-27T10:22:56.833	2026-08-27T10:23:15.620
sp_change_feed_create_table_group	-245234234	4	P	SQL_STORED_PROCEDURE	2026-08-27T10:22:51.010	2026-08-27T10:22:51.290
sp_help_agent_parameter	-244913556	4	P	SQL_STORED_PROCEDURE	2026-08-27T10:22:40.253	2026-08-27T10:22:40.640
sp_MScreate_dist_tables	-244904393	4	P	SQL_STORED_PROCEDURE	2026-08-27T10:22:40.057	2026-08-27T10:22:59.957
sp_replddlparser	-244581323	4	X	EXTENDED_STORED_PROCEDURE	2026-08-27T10:22:38.560	2026-08-27T10:22:38.610
dm_exec_trigger_stats	-244284919	4	V	VIEW	2026-08-27T10:21:47.970	2026-08-27T10:21:47.973
sp_MSgetpeerlsns	-243918086	4	P	SQL_STORED_PROCEDURE	2026-08-27T10:22:43.300	2026-08-27T10:22:43.557
sp_execute_external_script	-243809429	4	X	EXTENDED_STORED_PROCEDURE	2026-08-27T10:22:24.627	2026-08-27T10:22:24.630
dm_os_memory_pools	-243150105	4	V	VIEW	2026-08-27T10:21:48.063	2026-08-27T10:21:48.067
sp_helplogreader_agent	-243047365	4	P	SQL_STORED_PROCEDURE	2026-08-27T10:22:43.393	2026-08-27T10:22:43.560
fn_fIsColTracked	-242919846	4	FN	SQL_SCALAR_FUNCTION	2026-08-27T10:22:36.843	2026-08-27T10:22:38.580
sp_MSpeerapplyresponse	-242627501	4	P	SQL_STORED_PROCEDURE	2026-08-27T10:22:43.333	2026-08-27T10:22:43.557
fulltext_languages	-242583247	4	V	VIEW	2026-08-27T10:21:26.697	2026-08-27T10:21:26.703
sp_trigger_expired_files_cleanup	-241882390	4	X	EXTENDED_STORED_PROCEDURE	2026-08-27T10:22:12.637	2026-08-27T10:22:12.640
sp_resyncuniquetable	-241410242	4	X	EXTENDED_STORED_PROCEDURE	2026-08-27T10:21:51.093	2026-08-27T10:21:51.153
dm_os_latch_stats	-240827362	4	V	VIEW	2026-08-27T10:21:48.047	2026-08-27T10:21:48.050
sp_setOraclepackageversion	-240528750	4	P	SQL_STORED_PROCEDURE	2026-08-27T10:22:42.390	2026-08-27T10:22:43.553
dm_exec_compute_pools	-240132559	4	V	VIEW	2026-08-27T10:22:11.320	2026-08-27T10:22:11.323
sp_MSrestoresavedforeignkeys	-239964095	4	P	SQL_STORED_PROCEDURE	2026-08-27T10:22:38.373	2026-08-27T10:23:04.273
fn_cdc_decrement_lsn	-239514011	4	FS	CLR_SCALAR_FUNCTION	2026-08-27T10:22:35.483	2026-08-27T10:22:35.487
sp_MSrepl_isdbowner	-239084512	4	P	SQL_STORED_PROCEDURE	2026-08-27T10:22:36.960	2026-08-27T10:22:38.603
dm_io_backup_tapes	-238938091	4	V	VIEW	2026-08-27T10:21:48.023	2026-08-27T10:21:48.027
sp_replmonitorchangepublicationthreshold	-238763874	4	P	SQL_STORED_PROCEDURE	2026-08-27T10:22:45.417	2026-08-27T10:23:10.547
sp_changedistpublisher	-238064666	4	P	SQL_STORED_PROCEDURE	2026-08-27T10:22:40.227	2026-08-27T10:23:00.167
sp_MSadd_merge_agent	-238040978	4	P	SQL_STORED_PROCEDURE	2026-08-27T10:22:44.900	2026-08-27T10:23:09.700
sp_MSIsContainedAGSession	-237745790	4	P	SQL_STORED_PROCEDURE	2026-08-27T10:22:36.657	2026-08-27T10:22:38.610
dm_resource_governor_workload_groups	-237633642	4	V	VIEW	2026-08-27T10:21:48.163	2026-08-27T10:21:48.167
sp_helpmergelogsettings	-236959119	4	P	SQL_STORED_PROCEDURE	2026-08-27T10:22:54.713	2026-08-27T10:22:54.717
sp_tables	-236249160	4	P	SQL_STORED_PROCEDURE	2026-08-27T10:22:27.210	2026-08-27T10:22:27.213
sp_droppullsubscription	-235903212	4	P	SQL_STORED_PROCEDURE	2026-08-27T10:22:37.367	2026-08-27T10:23:02.603
sp_multidb_milink	-234982611	4	X	EXTENDED_STORED_PROCEDURE	2026-08-27T10:21:51.097	2026-08-27T10:21:51.100
fn_check_object_signatures	-234465429	4	IF	SQL_INLINE_TABLE_VALUED_FUNCTION	2026-08-27T10:21:37.510	2026-08-27T10:21:37.523
sp_foreignkeys	-234385068	4	P	SQL_STORED_PROCEDURE	2026-08-27T10:22:26.937	2026-08-27T10:22:26.940
sp_MS_replication_installed	-233853637	4	P	SQL_STORED_PROCEDURE	2026-08-27T10:22:37.237	2026-08-27T10:23:02.440
dm_hadr_database_replica_states	-233577667	4	V	VIEW	2026-08-27T10:21:48.460	2026-08-27T10:21:48.667
sp_data_pool_database_query_state	-233468384	4	P	SQL_STORED_PROCEDURE	2026-08-27T10:22:11.420	2026-08-27T10:22:11.423
sp_MSgetmaxsnapshottimestamp	-233465586	4	P	SQL_STORED_PROCEDURE	2026-08-27T10:22:45.343	2026-08-27T10:22:45.573
sp_get_dw_data_file	-233242746	4	X	EXTENDED_STORED_PROCEDURE	2026-08-27T10:22:12.667	2026-08-27T10:22:12.670
sp_oledb_language	-233035205	4	P	SQL_STORED_PROCEDURE	2026-08-27T10:22:27.610	2026-08-27T10:22:27.613
sp_MSadd_snapshot_agent	-232910838	4	P	SQL_STORED_PROCEDURE	2026-08-27T10:22:45.020	2026-08-27T10:23:09.900
sp_help_log_shipping_alert_job	-232726802	4	P	SQL_STORED_PROCEDURE	2026-08-27T10:22:46.910	2026-08-27T10:22:46.983
sp_validate_replica_hosts_as_publishers	-232297081	4	P	SQL_STORED_PROCEDURE	2026-08-27T10:22:45.523	2026-08-27T10:22:45.610
dm_fts_memory_pools	-231667132	4	V	VIEW	2026-08-27T10:21:42.243	2026-08-27T10:21:42.250
sp_flush_commit_table	-231648755	4	P	SQL_STORED_PROCEDURE	2026-08-27T10:21:48.267	2026-08-27T10:21:48.270
sp_fulltext_semantic_unregister_language_statistics_db	-231534988	4	P	SQL_STORED_PROCEDURE	2026-08-27T10:21:42.347	2026-08-27T10:21:42.413
sp_refresh_heterogeneous_publisher	-231191153	4	P	SQL_STORED_PROCEDURE	2026-08-27T10:22:43.457	2026-08-27T10:22:43.563
sp_OAGetErrorInfo	-230589993	4	X	EXTENDED_STORED_PROCEDURE	2026-08-27T10:23:24.560	2026-08-27T10:23:24.570
trusted_assemblies	-229834826	4	V	VIEW	2026-08-27T10:21:37.547	2026-08-27T10:21:37.550
sp_sproc_columns_90	-229693137	4	P	SQL_STORED_PROCEDURE	2026-08-27T10:22:27.160	2026-08-27T10:22:27.163
sp_move_first_fixed_vlf	-229648740	4	X	EXTENDED_STORED_PROCEDURE	2026-08-27T10:21:48.550	2026-08-27T10:21:48.553
sp_MSinsertlightweightschemachange	-229304668	4	P	SQL_STORED_PROCEDURE	2026-08-27T10:22:58.470	2026-08-27T10:22:58.473
sp_dbmmonitorchangealert	-228769914	4	P	SQL_STORED_PROCEDURE	2026-08-27T10:21:48.440	2026-08-27T10:21:48.663
sp_columns_100_rowset	-228311689	4	P	SQL_STORED_PROCEDURE	2026-08-27T10:22:27.350	2026-08-27T10:22:27.353
sp_MSenum_merge	-227198272	4	P	SQL_STORED_PROCEDURE	2026-08-27T10:22:45.133	2026-08-27T10:23:10.060
sp_availability_group_command_internal	-226888859	4	X	EXTENDED_STORED_PROCEDURE	2026-08-27T10:21:51.093	2026-08-27T10:21:51.157
sp_rehydrate_dw_raft_cache	-225883653	4	X	EXTENDED_STORED_PROCEDURE	2026-08-27T10:22:12.677	2026-08-27T10:22:12.680
sp_getsubscription_status_hsnapshot	-224977668	4	P	SQL_STORED_PROCEDURE	2026-08-27T10:22:43.433	2026-08-27T10:22:43.553
dm_resource_governor_resource_pool_affinity	-224699861	4	V	VIEW	2026-08-27T10:21:48.173	2026-08-27T10:21:48.177
sp_cdc_start_job	-224608904	4	P	SQL_STORED_PROCEDURE	2026-08-27T10:22:48.467	2026-08-27T10:22:48.597
sp_createstats	-224280907	4	P	SQL_STORED_PROCEDURE	2026-08-27T10:21:45.740	2026-08-27T10:21:45.743
dm_db_stats_histogram	-223773163	4	IF	SQL_INLINE_TABLE_VALUED_FUNCTION	2026-08-27T10:21:46.833	2026-08-27T10:21:46.837
sp_MSdrop_logreader_agent	-223616098	4	P	SQL_STORED_PROCEDURE	2026-08-27T10:22:45.007	2026-08-27T10:23:09.870
sp_OAMethod	-223315899	4	X	EXTENDED_STORED_PROCEDURE	2026-08-27T10:23:24.563	2026-08-27T10:23:24.570
sp_table_privileges_rowset	-222979952	4	P	SQL_STORED_PROCEDURE	2026-08-27T10:22:27.487	2026-08-27T10:22:27.497
sp_MSpost_auto_proc	-222874433	4	P	SQL_STORED_PROCEDURE	2026-08-27T10:22:43.060	2026-08-27T10:22:43.547
sp_vector_index_build_update_stats	-222794860	4	X	EXTENDED_STORED_PROCEDURE	2026-08-27T10:21:48.797	2026-08-27T10:21:48.800
sp_addlogin	-222378892	4	P	SQL_STORED_PROCEDURE	2026-08-27T10:22:01.340	2026-08-27T10:22:01.377
sp_MSdroparticleconstraints	-221962828	4	P	SQL_STORED_PROCEDURE	2026-08-27T10:22:36.893	2026-08-27T10:23:01.953
sp_set_external_script_runtime_version	-221798793	4	X	EXTENDED_STORED_PROCEDURE	2026-08-27T10:22:24.640	2026-08-27T10:22:24.643
sp_dw_detach_database_for_deletion	-221612034	4	X	EXTENDED_STORED_PROCEDURE	2026-08-27T10:22:12.613	2026-08-27T10:22:12.617
sp_droppublisher	-221129041	4	P	SQL_STORED_PROCEDURE	2026-08-27T10:22:39.947	2026-08-27T10:22:40.643
sp_MSsub_check_identity	-220985857	4	P	SQL_STORED_PROCEDURE	2026-08-27T10:22:38.320	2026-08-27T10:23:04.193
fn_cdc_map_lsn_to_time	-220960013	4	FN	SQL_SCALAR_FUNCTION	2026-08-27T10:22:48.560	2026-08-27T10:22:48.600
sp_MSchange_merge_agent_properties	-220558868	4	P	SQL_STORED_PROCEDURE	2026-08-27T10:22:45.367	2026-08-27T10:23:10.457
sp_dropanonymousagent	-220255190	4	P	SQL_STORED_PROCEDURE	2026-08-27T10:22:42.983	2026-08-27T10:22:43.543
sp_cdc_enable_table	-219753055	4	P	SQL_STORED_PROCEDURE	2026-08-27T10:22:48.390	2026-08-27T10:22:48.593
sp_helpreplicationdboption	-219482139	4	P	SQL_STORED_PROCEDURE	2026-08-27T10:22:37.660	2026-08-27T10:23:03.123
sp_MStran_is_snapshot_required	-218707796	4	P	SQL_STORED_PROCEDURE	2026-08-27T10:22:36.927	2026-08-27T10:23:02
sp_MSget_server_portinfo	-218079301	4	P	SQL_STORED_PROCEDURE	2026-08-27T10:22:39.843	2026-08-27T10:22:40.657
sp_MS_marksystemobject	-218040314	4	P	SQL_STORED_PROCEDURE	2026-08-27T10:21:30.473	2026-08-27T10:21:30.477
sp_MSsetcontext_replagent	-217929219	4	P	SQL_STORED_PROCEDURE	2026-08-27T10:22:38.387	2026-08-27T10:22:38.597
sp_helpmergearticlecolumn	-217899718	4	P	SQL_STORED_PROCEDURE	2026-08-27T10:22:54.640	2026-08-27T10:23:13.537
sp_stop_flight_server	-217708988	4	X	EXTENDED_STORED_PROCEDURE	2026-08-27T10:22:24.637	2026-08-27T10:22:24.640
xp_msx_enlist	-216857848	4	X	EXTENDED_STORED_PROCEDURE	2026-08-27T10:23:28.977	2026-08-27T10:23:29.030
fn_has_change_feed_permissions	-216815067	4	FN	SQL_SCALAR_FUNCTION	2026-08-27T10:22:50.913	2026-08-27T10:22:51.293
sp_MSdrop_tempgenhistorytable	-216264755	4	P	SQL_STORED_PROCEDURE	2026-08-27T10:22:57.277	2026-08-27T10:22:57.280
sp_MSsetlastrecgen	-216136147	4	P	SQL_STORED_PROCEDURE	2026-08-27T10:22:56.477	2026-08-27T10:23:15.403
sp_xtp_kill_active_transactions	-215573682	4	P	SQL_STORED_PROCEDURE	2026-08-27T10:23:45.567	2026-08-27T10:23:45.570
dm_os_sys_info	-215103612	4	V	VIEW	2026-08-27T10:21:48.073	2026-08-27T10:21:48.077
dm_tran_locks	-214867882	4	V	VIEW	2026-08-27T10:21:48.187	2026-08-27T10:21:48.190
sp_dropmergelogsettings	-214802496	4	P	SQL_STORED_PROCEDURE	2026-08-27T10:22:54.740	2026-08-27T10:22:54.743
dm_exec_procedure_stats	-212971808	4	V	VIEW	2026-08-27T10:21:47.967	2026-08-27T10:21:47.970
sp_MShelplogreader_agent	-212914494	4	P	SQL_STORED_PROCEDURE	2026-08-27T10:22:45.450	2026-08-27T10:23:10.610
sp_replpostsyncstatus	-212911851	4	P	SQL_STORED_PROCEDURE	2026-08-27T10:22:40.440	2026-08-27T10:22:40.647
sp_fulltext_getdata	-212677882	4	X	EXTENDED_STORED_PROCEDURE	2026-08-27T10:21:42.277	2026-08-27T10:21:42.410
dm_exec_dms_services	-212661765	4	V	VIEW	2026-08-27T10:22:11.393	2026-08-27T10:22:11.397
dm_change_feed_log_scan_sessions	-212192652	4	V	VIEW	2026-08-27T10:22:51.240	2026-08-27T10:22:51.293
dm_exec_requests_history	-211187072	4	V	VIEW	2026-08-27T10:22:12.580	2026-08-27T10:22:12.583
sp_table_type_pkeys	-210886221	4	P	SQL_STORED_PROCEDURE	2026-08-27T10:22:27.090	2026-08-27T10:22:27.093
sp_help_change_feed_table	-210824693	4	P	SQL_STORED_PROCEDURE	2026-08-27T10:22:51.193	2026-08-27T10:22:51.293
sp_adddistributor	-210567625	4	P	SQL_STORED_PROCEDURE	2026-08-27T10:22:40.093	2026-08-27T10:22:59.967
sp_posttracertoken	-210181205	4	P	SQL_STORED_PROCEDURE	2026-08-27T10:22:43.100	2026-08-27T10:22:43.550
sp_MSadd_article	-209758042	4	P	SQL_STORED_PROCEDURE	2026-08-27T10:22:45.183	2026-08-27T10:22:45.580
dm_hadr_database_replica_cluster_states	-208573699	4	V	VIEW	2026-08-27T10:21:48.470	2026-08-27T10:21:48.473
sp_MScleanup_agent_entry	-208474024	4	P	SQL_STORED_PROCEDURE	2026-08-27T10:22:43.237	2026-08-27T10:22:43.550
sp_MSenum_merge_subscriptions_90_publication	-208431592	4	P	SQL_STORED_PROCEDURE	2026-08-27T10:22:45.203	2026-08-27T10:23:10.167
sp_MSadd_repl_error	-207888728	4	P	SQL_STORED_PROCEDURE	2026-08-27T10:22:45.157	2026-08-27T10:23:10.093
sp_MSset_snapshot_xact_seqno	-207141777	4	P	SQL_STORED_PROCEDURE	2026-08-27T10:22:44.990	2026-08-27T10:22:45.600
sp_add_trusted_assembly	-207093074	4	X	EXTENDED_STORED_PROCEDURE	2026-08-27T10:21:37.547	2026-08-27T10:21:37.550
sp_MSretrieve_publication_attributes	-206728238	4	P	SQL_STORED_PROCEDURE	2026-08-27T10:22:38.180	2026-08-27T10:23:03.877
sp_table_privileges_rowset_rmt	-206581230	4	P	SQL_STORED_PROCEDURE	2026-08-27T10:22:27.493	2026-08-27T10:22:27.497
dm_exec_distributed_request_steps	-206396075	4	V	VIEW	2026-08-27T10:22:11.353	2026-08-27T10:22:11.357
sp_indexes_90_rowset_rmt	-206310806	4	P	SQL_STORED_PROCEDURE	2026-08-27T10:22:27.427	2026-08-27T10:22:27.430
sp_MSenum_replsqlqueues	-205885895	4	P	SQL_STORED_PROCEDURE	2026-08-27T10:22:38.197	2026-08-27T10:23:03.970
sp_generate_database_ledger_digest	-205391834	4	P	SQL_STORED_PROCEDURE	2026-08-27T10:21:48.750	2026-08-27T10:21:48.753
sp_browsemergesnapshotfolder	-205268961	4	P	SQL_STORED_PROCEDURE	2026-08-27T10:22:38.200	2026-08-27T10:23:04.007
sp_tablecollations_90	-205149438	4	P	SQL_STORED_PROCEDURE	2026-08-27T10:22:27.617	2026-08-27T10:22:27.620
sp_MScheck_pub_identity	-205081227	4	P	SQL_STORED_PROCEDURE	2026-08-27T10:22:45.280	2026-08-27T10:22:45.597
sp_enable_event_stream	-204545624	4	P	SQL_STORED_PROCEDURE	2026-08-27T10:23:33.917	2026-08-27T10:23:33.973
dm_db_xtp_checkpoint_internals	-204203741	4	V	VIEW	2026-08-27T10:23:45.633	2026-08-27T10:23:45.637
dm_dw_quality_clustering	-204171755	4	V	VIEW	2026-08-27T10:21:48.713	2026-08-27T10:21:48.717
sp_unsubscribe	-204098999	4	P	SQL_STORED_PROCEDURE	2026-08-27T10:22:42.600	2026-08-27T10:22:43.540
sp_dw_truncate_table	-203410730	4	X	EXTENDED_STORED_PROCEDURE	2026-08-27T10:22:12.670	2026-08-27T10:22:12.673
sp_tables_info_90_rowset	-203372557	4	P	SQL_STORED_PROCEDURE	2026-08-27T10:22:27.543	2026-08-27T10:22:27.547
sp_indexoption	-201833798	4	P	SQL_STORED_PROCEDURE	2026-08-27T10:21:40.933	2026-08-27T10:21:41.107
sp_cursorunprepare	-201578248	4	X	EXTENDED_STORED_PROCEDURE	2026-08-27T10:21:51.080	2026-08-27T10:21:51.147
sp_indexes_rowset2	-199551566	4	P	SQL_STORED_PROCEDURE	2026-08-27T10:22:27.413	2026-08-27T10:22:27.417
dm_exec_query_transformation_stats	-198963827	4	V	VIEW	2026-08-27T10:21:46.797	2026-08-27T10:21:46.800
sp_enable_sql_debug	-198712578	4	X	EXTENDED_STORED_PROCEDURE	2026-08-27T10:21:52.260	2026-08-27T10:21:52.263
sp_MSlocktable	-197241335	4	P	SQL_STORED_PROCEDURE	2026-08-27T10:22:37.183	2026-08-27T10:23:02.327
database_query_store_internal_state	-197069736	4	V	VIEW	2026-08-27T10:22:13.870	2026-08-27T10:22:13.873
xp_availablemedia	-196500590	4	X	EXTENDED_STORED_PROCEDURE	2026-08-27T10:23:28.973	2026-08-27T10:23:29.037
sp_http_generate_wsdl_complex	-195900118	4	X	EXTENDED_STORED_PROCEDURE	2026-08-27T10:22:04.700	2026-08-27T10:22:04.707
sp_dw_session_override_perf_test	-195102830	4	X	EXTENDED_STORED_PROCEDURE	2026-08-27T10:22:12.650	2026-08-27T10:22:12.653
xp_sysmail_attachment_load	-194265181	4	X	EXTENDED_STORED_PROCEDURE	2026-08-27T10:23:28.980	2026-08-27T10:23:29.037
sp_MSsubscription_status	-193970445	4	P	SQL_STORED_PROCEDURE	2026-08-27T10:22:44.957	2026-08-27T10:22:45.583
sp_MSdrop_subscription_3rd	-193774823	4	P	SQL_STORED_PROCEDURE	2026-08-27T10:22:45.193	2026-08-27T10:23:10.147
xp_sqlmaint	-193642996	4	X	EXTENDED_STORED_PROCEDURE	2026-08-27T10:23:28.977	2026-08-27T10:23:29.023
sp_MSisnonpkukupdateinconflict	-193272211	4	P	SQL_STORED_PROCEDURE	2026-08-27T10:22:43.040	2026-08-27T10:23:06.703
sp_MSget_synctran_commands	-191739933	4	P	SQL_STORED_PROCEDURE	2026-08-27T10:22:42.610	2026-08-27T10:23:06.263
sp_MSgetdbversion	-191643044	4	P	SQL_STORED_PROCEDURE	2026-08-27T10:22:43.290	2026-08-27T10:23:07.063
sp_fulltext_column	-191129594	4	P	SQL_STORED_PROCEDURE	2026-08-27T10:21:42.343	2026-08-27T10:21:42.410
GeographyConvexHullAggregate	-190885009	4	AF	AGGREGATE_FUNCTION	2026-08-27T10:22:07.440	2026-08-27T10:22:07.460
sp_getagentparameterlist	-190667301	4	P	SQL_STORED_PROCEDURE	2026-08-27T10:22:40.590	2026-08-27T10:22:40.653
sp_MSdefer_check	-189604248	4	P	SQL_STORED_PROCEDURE	2026-08-27T10:22:43.073	2026-08-27T10:23:06.743
dm_exec_query_resource_semaphores	-189437573	4	V	VIEW	2026-08-27T10:21:48.010	2026-08-27T10:21:48.013
sp_MSreplraiserror	-188333162	4	P	SQL_STORED_PROCEDURE	2026-08-27T10:22:37.487	2026-08-27T10:22:38.603
sp_helppublication	-188298606	4	P	SQL_STORED_PROCEDURE	2026-08-27T10:22:42.187	2026-08-27T10:22:43.537
dm_repl_traninfo	-188220393	4	V	VIEW	2026-08-27T10:22:43.423	2026-08-27T10:22:43.563
sp_MShasdbaccess	-188153101	4	P	SQL_STORED_PROCEDURE	2026-08-27T10:23:29.007	2026-08-27T10:23:29.027
dm_cryptographic_provider_algorithms	-187523193	4	IF	SQL_INLINE_TABLE_VALUED_FUNCTION	2026-08-27T10:21:35.223	2026-08-27T10:21:35.227
sp_fido_glms_get_storage_containers	-187485197	4	X	EXTENDED_STORED_PROCEDURE	2026-08-27T10:21:48.723	2026-08-27T10:21:48.727
dm_exec_compute_node_errors	-187256606	4	V	VIEW	2026-08-27T10:22:11.347	2026-08-27T10:22:11.350
sp_cdc_drop_job	-186936061	4	P	SQL_STORED_PROCEDURE	2026-08-27T10:22:48.463	2026-08-27T10:22:48.597
sp_MScheck_pull_access	-186765740	4	P	SQL_STORED_PROCEDURE	2026-08-27T10:22:43.263	2026-08-27T10:23:07.013
sp_IHadd_sync_command	-186724089	4	P	SQL_STORED_PROCEDURE	2026-08-27T10:22:43.110	2026-08-27T10:23:06.793
sp_MSflush_access_cache	-186339975	4	P	SQL_STORED_PROCEDURE	2026-08-27T10:22:40.330	2026-08-27T10:23:00.390
sp_MShelp_replication_table	-186022448	4	P	SQL_STORED_PROCEDURE	2026-08-27T10:22:40.383	2026-08-27T10:23:00.453
dm_db_missing_index_group_stats	-185662232	4	V	VIEW	2026-08-27T10:21:46.817	2026-08-27T10:21:46.820
dm_db_tuning_recommendations	-185224994	4	V	VIEW	2026-08-27T10:21:27.210	2026-08-27T10:21:27.213
fn_dbslog	-184623986	4	IF	SQL_INLINE_TABLE_VALUED_FUNCTION	2026-08-27T10:21:48.377	2026-08-27T10:21:48.660
sp_register_custom_scripting	-184150354	4	P	SQL_STORED_PROCEDURE	2026-08-27T10:22:42.903	2026-08-27T10:22:43.550
sp_adddistpublisher	-183612124	4	P	SQL_STORED_PROCEDURE	2026-08-27T10:22:40.187	2026-08-27T10:22:40.643
sp_verify_database_ledger_from_digest_storage	-183507775	4	X	EXTENDED_STORED_PROCEDURE	2026-08-27T10:21:48.753	2026-08-27T10:21:48.757
xp_prop_oledb_provider	-183387537	4	X	EXTENDED_STORED_PROCEDURE	2026-08-27T10:23:28.977	2026-08-27T10:23:29.047
sp_MSchangeobjectowner	-183134016	4	P	SQL_STORED_PROCEDURE	2026-08-27T10:22:52.700	2026-08-27T10:23:12.127
sp_MSenumschemachange	-182780707	4	P	SQL_STORED_PROCEDURE	2026-08-27T10:22:56.643	2026-08-27T10:22:56.647
sp_MSaddguidindex	-182290220	4	P	SQL_STORED_PROCEDURE	2026-08-27T10:22:52.497	2026-08-27T10:23:11.983
sp_MSgetpubinfo	-181823968	4	P	SQL_STORED_PROCEDURE	2026-08-27T10:22:54.950	2026-08-27T10:22:54.953
dm_exec_dms_workers	-180698920	4	V	VIEW	2026-08-27T10:22:11.380	2026-08-27T10:22:11.383
sp_rollback_parallel_nested_tran	-179065324	4	X	EXTENDED_STORED_PROCEDURE	2026-08-27T10:21:51.090	2026-08-27T10:21:51.150
dm_hadr_automatic_seeding	-178544899	4	V	VIEW	2026-08-27T10:25:16.450	2026-08-27T10:25:16.457
sp_repldropcolumn	-178364477	4	P	SQL_STORED_PROCEDURE	2026-08-27T10:22:38.247	2026-08-27T10:23:04.080
sp_set_distributed_query_context	-177968580	4	X	EXTENDED_STORED_PROCEDURE	2026-08-27T10:22:10.770	2026-08-27T10:22:10.773
sp_fulltext_delete_thesaurus	-177800274	4	P	SQL_STORED_PROCEDURE	2026-08-27T10:21:42.400	2026-08-27T10:21:42.413
sp_catalogs	-177286561	4	P	SQL_STORED_PROCEDURE	2026-08-27T10:22:26.930	2026-08-27T10:22:26.933
sp_dbmmonitorhelpalert	-177039209	4	P	SQL_STORED_PROCEDURE	2026-08-27T10:21:48.447	2026-08-27T10:21:48.663
sp_MScheck_subscription_expiry	-176422931	4	P	SQL_STORED_PROCEDURE	2026-08-27T10:22:54.880	2026-08-27T10:22:54.883
fn_PageResCracker	-176371851	4	TF	SQL_TABLE_VALUED_FUNCTION	2026-08-27T10:21:48.393	2026-08-27T10:21:48.660
sp_helpsubscriberinfo	-175764363	4	P	SQL_STORED_PROCEDURE	2026-08-27T10:22:39.913	2026-08-27T10:22:40.637
sp_cleanmergelogfiles	-175305123	4	P	SQL_STORED_PROCEDURE	2026-08-27T10:22:54.723	2026-08-27T10:22:54.727
dm_os_memory_allocations_filtered	-174858865	4	V	VIEW	2026-08-27T10:21:48.777	2026-08-27T10:21:48.780
sp_MSensure_single_instance	-174830992	4	P	SQL_STORED_PROCEDURE	2026-08-27T10:22:37.667	2026-08-27T10:23:03.160
dm_fts_population_ranges	-174643308	4	V	VIEW	2026-08-27T10:21:42.273	2026-08-27T10:21:42.277
dm_database_external_policy_roles	-172435634	4	V	VIEW	2026-08-27T10:21:47.923	2026-08-27T10:21:47.927
sp_MSSQLDMO80_version	-172291791	4	P	SQL_STORED_PROCEDURE	2026-08-27T10:23:30.370	2026-08-27T10:23:30.427
sp_setreplfailovermode	-172084056	4	P	SQL_STORED_PROCEDURE	2026-08-27T10:22:37.650	2026-08-27T10:23:03.100
sp_MSchange_originatorid	-171602657	4	P	SQL_STORED_PROCEDURE	2026-08-27T10:22:43.470	2026-08-27T10:22:43.560
trace_subclass_values	-171377020	4	V	VIEW	2026-08-27T10:21:59.140	2026-08-27T10:21:59.143
sp_MSenum_subscriptions	-171202582	4	P	SQL_STORED_PROCEDURE	2026-08-27T10:22:45.077	2026-08-27T10:23:09.997
sp_execute	-170993081	4	X	EXTENDED_STORED_PROCEDURE	2026-08-27T10:21:51.090	2026-08-27T10:21:51.150
dm_column_store_object_pool	-170786604	4	V	VIEW	2026-08-27T10:21:48.590	2026-08-27T10:21:48.593
sp_cdc_get_ddl_history	-170230726	4	P	SQL_STORED_PROCEDURE	2026-08-27T10:22:48.537	2026-08-27T10:22:48.597
dm_os_performance_counters	-169782400	4	V	VIEW	2026-08-27T10:21:50.997	2026-08-27T10:21:51
fn_cdc_hexstrtobin	-169190254	4	FN	SQL_SCALAR_FUNCTION	2026-08-27T10:22:48.257	2026-08-27T10:22:48.600
sp_MSsetup_partition_groups	-168996112	4	P	SQL_STORED_PROCEDURE	2026-08-27T10:22:55.057	2026-08-27T10:23:14.027
sp_MSupdategenerations_afterbcp	-168786966	4	P	SQL_STORED_PROCEDURE	2026-08-27T10:22:57.273	2026-08-27T10:22:57.277
sp_delete_backup_file_snapshot	-168180204	4	X	EXTENDED_STORED_PROCEDURE	2026-08-27T10:21:48.550	2026-08-27T10:21:48.553
sp_check_log_shipping_monitor_alert	-168058348	4	P	SQL_STORED_PROCEDURE	2026-08-27T10:22:46.910	2026-08-27T10:22:46.983
sp_MStrypurgingoldsnapshotdeliveryprogress	-167523246	4	P	SQL_STORED_PROCEDURE	2026-08-27T10:22:36.863	2026-08-27T10:22:38.580
dm_db_internal_auto_tuning_recommendation_impact_query_metrics	-167390884	4	V	VIEW	2026-08-27T10:22:22.493	2026-08-27T10:22:22.497
sp_dropanonymoussubscription	-166842090	4	P	SQL_STORED_PROCEDURE	2026-08-27T10:22:45.290	2026-08-27T10:22:45.590
sp_dbmmonitorchangemonitoring	-165453794	4	P	SQL_STORED_PROCEDURE	2026-08-27T10:21:48.400	2026-08-27T10:21:48.663
sp_publicationsummary	-165417309	4	P	SQL_STORED_PROCEDURE	2026-08-27T10:22:40.417	2026-08-27T10:22:40.650
sp_MSmatchkey	-165316937	4	P	SQL_STORED_PROCEDURE	2026-08-27T10:23:30.327	2026-08-27T10:23:30.423
sp_validatelogins	-165200503	4	P	SQL_STORED_PROCEDURE	2026-08-27T10:22:01.353	2026-08-27T10:22:01.377
sp_MSdelgenzero	-164719484	4	P	SQL_STORED_PROCEDURE	2026-08-27T10:22:57.173	2026-08-27T10:22:57.177
sp_MSmakebatchupdateproc	-164489401	4	P	SQL_STORED_PROCEDURE	2026-08-27T10:22:57.007	2026-08-27T10:23:15.767
sp_user_counter8	-163903336	4	P	SQL_STORED_PROCEDURE	2026-08-27T10:21:48.350	2026-08-27T10:21:48.653
sp_MSinit_subscription_agent	-162449669	4	P	SQL_STORED_PROCEDURE	2026-08-27T10:22:38.163	2026-08-27T10:23:03.847
sp_addmessage	-162113967	4	P	SQL_STORED_PROCEDURE	2026-08-27T10:22:03.613	2026-08-27T10:22:03.623
sp_MSadd_subscription_3rd	-162016600	4	P	SQL_STORED_PROCEDURE	2026-08-27T10:22:45.190	2026-08-27T10:22:45.580
sp_MSunmarkreplinfo	-161925522	4	P	SQL_STORED_PROCEDURE	2026-08-27T10:22:37.107	2026-08-27T10:23:02.163
sp_change_repl_serverport	-161753522	4	P	SQL_STORED_PROCEDURE	2026-08-27T10:22:40.630	2026-08-27T10:22:40.657
dm_db_page_info	-161591317	4	IF	SQL_INLINE_TABLE_VALUED_FUNCTION	2026-08-27T10:21:48.037	2026-08-27T10:21:48.040
sp_helpremotelogin	-161588637	4	P	SQL_STORED_PROCEDURE	2026-08-27T10:21:54.650	2026-08-27T10:21:54.653
sp_replflush	-161558769	4	X	EXTENDED_STORED_PROCEDURE	2026-08-27T10:22:38.560	2026-08-27T10:22:38.610
sp_remoteoption	-161521379	4	P	SQL_STORED_PROCEDURE	2026-08-27T10:22:02.513	2026-08-27T10:22:02.523
sp_helpmergeconflictrows	-160804806	4	P	SQL_STORED_PROCEDURE	2026-08-27T10:22:54.913	2026-08-27T10:23:13.817
sp_getpublisherlink	-160551264	4	P	SQL_STORED_PROCEDURE	2026-08-27T10:22:38.160	2026-08-27T10:23:03.820
sp_persistent_version_cleanup	-160176079	4	P	SQL_STORED_PROCEDURE	2026-08-27T10:21:48.453	2026-08-27T10:21:48.667
sp_dw_change_lease_order_id	-159393198	4	X	EXTENDED_STORED_PROCEDURE	2026-08-27T10:22:12.617	2026-08-27T10:22:12.620
sp_repl_get_azure_storage_access_token	-158888723	4	X	EXTENDED_STORED_PROCEDURE	2026-08-27T10:22:38.577	2026-08-27T10:22:38.610
sp_droplinkedsrvlogin	-158885234	4	P	SQL_STORED_PROCEDURE	2026-08-27T10:22:02.520	2026-08-27T10:22:02.527
sp_cslr_delete_entry	-158696775	4	X	EXTENDED_STORED_PROCEDURE	2026-08-27T10:21:48.787	2026-08-27T10:21:48.790
sp_constr_col_usage_rowset2	-158366291	4	P	SQL_STORED_PROCEDURE	2026-08-27T10:22:27.577	2026-08-27T10:22:27.580
TABLES	-157756449	3	V	VIEW	2026-08-27T10:22:29.953	2026-08-27T10:22:29.957
sp_bcp_dbcmptlevel	-157274136	4	P	SQL_STORED_PROCEDURE	2026-08-27T10:22:27.623	2026-08-27T10:22:27.627
sp_MSchange_article	-157081197	4	P	SQL_STORED_PROCEDURE	2026-08-27T10:22:45.187	2026-08-27T10:22:45.590
sp_MSregistermergesnappubid	-156473925	4	P	SQL_STORED_PROCEDURE	2026-08-27T10:22:36.790	2026-08-27T10:22:38.580
sp_add_columnstore_column_dictionary	-155918863	4	P	SQL_STORED_PROCEDURE	2026-08-27T10:21:48.580	2026-08-27T10:21:48.583
sp_getapplock	-155622469	4	P	SQL_STORED_PROCEDURE	2026-08-27T10:21:48.313	2026-08-27T10:21:48.653
sp_helpmergelogfiles	-154983003	4	P	SQL_STORED_PROCEDURE	2026-08-27T10:22:54.717	2026-08-27T10:22:54.720
fn_replformatdatetime	-154846366	4	FN	SQL_SCALAR_FUNCTION	2026-08-27T10:22:36.847	2026-08-27T10:22:38.580
xp_loginconfig	-154102805	4	X	EXTENDED_STORED_PROCEDURE	2026-08-27T10:21:52.260	2026-08-27T10:21:52.263
dm_server_external_policy_roles	-152953225	4	V	VIEW	2026-08-27T10:21:35.110	2026-08-27T10:21:35.113
fn_repl_hash_binary	-152659485	4	FS	CLR_SCALAR_FUNCTION	2026-08-27T10:22:35.490	2026-08-27T10:22:35.493
sp_MSuploadsupportabilitydata	-151468281	4	P	SQL_STORED_PROCEDURE	2026-08-27T10:22:56.677	2026-08-27T10:22:56.680
dm_os_workers	-151215274	4	V	VIEW	2026-08-27T10:21:48.160	2026-08-27T10:21:48.163
fn_replp2pversiontotranid	-150877714	4	FN	SQL_SCALAR_FUNCTION	2026-08-27T10:22:43.520	2026-08-27T10:22:43.560
sp_MShelp_subscription_status	-150745439	4	P	SQL_STORED_PROCEDURE	2026-08-27T10:22:42.637	2026-08-27T10:23:06.307
sp_MSget_log_shipping_new_sessionid	-150434677	4	P	SQL_STORED_PROCEDURE	2026-08-27T10:22:46.873	2026-08-27T10:22:46.983
sp_MSscriptcustominsproc	-149901478	4	P	SQL_STORED_PROCEDURE	2026-08-27T10:22:42.893	2026-08-27T10:22:43.550
sp_http_generate_wsdl_simple	-148149552	4	X	EXTENDED_STORED_PROCEDURE	2026-08-27T10:22:04.700	2026-08-27T10:22:04.707
sp_helpmergearticle	-148049834	4	P	SQL_STORED_PROCEDURE	2026-08-27T10:22:54.323	2026-08-27T10:23:13.450
sp_MSreset_transaction	-147567580	4	P	SQL_STORED_PROCEDURE	2026-08-27T10:22:45.473	2026-08-27T10:22:45.610
sp_delete_log_shipping_primary_secondary	-147233974	4	P	SQL_STORED_PROCEDURE	2026-08-27T10:22:46.813	2026-08-27T10:22:46.980
xp_instance_regremovemultistring	-146789453	4	X	EXTENDED_STORED_PROCEDURE	2026-08-27T10:23:28.970	2026-08-27T10:23:29.040
sp_update_streaming_job	-146085497	4	P	SQL_STORED_PROCEDURE	2026-08-27T10:21:41.080	2026-08-27T10:21:41.110
sp_MSrepl_getdistributorinfo	-145755392	4	P	SQL_STORED_PROCEDURE	2026-08-27T10:22:39.903	2026-08-27T10:22:59.797
sp_startpushsubscription_agent	-145401235	4	P	SQL_STORED_PROCEDURE	2026-08-27T10:22:40.610	2026-08-27T10:22:40.657
sp_changesubstatus	-144774562	4	P	SQL_STORED_PROCEDURE	2026-08-27T10:22:42.417	2026-08-27T10:22:43.537
dm_server_external_policy_role_members	-142823326	4	V	VIEW	2026-08-27T10:21:35.110	2026-08-27T10:21:35.113
sp_set_def_format_type_md_preprocessor	-142819040	4	X	EXTENDED_STORED_PROCEDURE	2026-08-27T10:22:12.567	2026-08-27T10:22:12.570
fn_cdc_is_ddl_handling_enabled	-142665022	4	FN	SQL_SCALAR_FUNCTION	2026-08-27T10:22:48.230	2026-08-27T10:23:08.480
sp_fido_setup_glms	-141318940	4	X	EXTENDED_STORED_PROCEDURE	2026-08-27T10:21:48.690	2026-08-27T10:21:48.693
sp_data_source_objects	-141206425	4	P	SQL_STORED_PROCEDURE	2026-08-27T10:22:11.430	2026-08-27T10:22:11.433
sp_procoption	-140677272	4	P	SQL_STORED_PROCEDURE	2026-08-27T10:21:40.910	2026-08-27T10:21:41.107
sp_enumoledbdatasources	-140260500	4	P	SQL_STORED_PROCEDURE	2026-08-27T10:22:39.913	2026-08-27T10:22:59.840
sp_MSispkupdateinconflict	-140001018	4	P	SQL_STORED_PROCEDURE	2026-08-27T10:22:43.037	2026-08-27T10:23:06.693
sp_grantlogin	-139872454	4	P	SQL_STORED_PROCEDURE	2026-08-27T10:22:01.350	2026-08-27T10:22:01.377
sp_rbpex_exec_cmd	-139659871	4	X	EXTENDED_STORED_PROCEDURE	2026-08-27T10:21:48.670	2026-08-27T10:21:48.673
sp_drop_streaming_job	-139172351	4	P	SQL_STORED_PROCEDURE	2026-08-27T10:21:41.080	2026-08-27T10:21:41.110
sp_datatype_info_90	-138857529	4	P	SQL_STORED_PROCEDURE	2026-08-27T10:22:27.060	2026-08-27T10:22:27.063
sp_MShelp_publication	-138536723	4	P	SQL_STORED_PROCEDURE	2026-08-27T10:22:43.243	2026-08-27T10:22:43.550
dm_db_information_protection_label_properties	-138093915	4	V	VIEW	2026-08-27T10:21:35.127	2026-08-27T10:21:35.130
sp_MSagent_retry_stethoscope	-137589181	4	P	SQL_STORED_PROCEDURE	2026-08-27T10:22:45.247	2026-08-27T10:23:10.253
sp_validatecache	-137169664	4	P	SQL_STORED_PROCEDURE	2026-08-27T10:22:43.160	2026-08-27T10:22:43.553
CONSTRAINT_TABLE_USAGE	-136776973	3	V	VIEW	2026-08-27T10:22:30	2026-08-27T10:22:30.003
sp_rsc_regular_eviction	-134225666	4	X	EXTENDED_STORED_PROCEDURE	2026-08-27T10:22:12.607	2026-08-27T10:22:12.610
sp_MSadd_subscription	-134187074	4	P	SQL_STORED_PROCEDURE	2026-08-27T10:22:44.917	2026-08-27T10:23:09.723
sp_column_privileges_ex	-134075252	4	P	SQL_STORED_PROCEDURE	2026-08-27T10:22:26.957	2026-08-27T10:22:26.960
sp_fido_set_tran	-133544434	4	X	EXTENDED_STORED_PROCEDURE	2026-08-27T10:21:48.687	2026-08-27T10:21:48.690
sp_helpmergealternatepublisher	-132862586	4	P	SQL_STORED_PROCEDURE	2026-08-27T10:22:54.940	2026-08-27T10:22:54.943
sp_set_database_engine_configuration_internal	-132672832	4	X	EXTENDED_STORED_PROCEDURE	2026-08-27T10:21:48.760	2026-08-27T10:21:48.763
dm_xe_session_event_actions	-132597256	4	V	VIEW	2026-08-27T10:21:48.130	2026-08-27T10:21:48.133
sp_MShelptracertokenhistory	-130667707	4	P	SQL_STORED_PROCEDURE	2026-08-27T10:22:45.337	2026-08-27T10:23:10.417
dm_logconsumer_privatecachebuffers	-130429575	4	IF	SQL_INLINE_TABLE_VALUED_FUNCTION	2026-08-27T10:21:48.240	2026-08-27T10:21:48.243
sp_trident_create_credential_to_access_internal_md_storage	-130346742	4	X	EXTENDED_STORED_PROCEDURE	2026-08-27T10:22:12.603	2026-08-27T10:22:12.607
dm_os_enumerate_fixed_drives	-129939010	4	V	VIEW	2026-08-27T10:21:48.633	2026-08-27T10:21:48.637
sp_fido_tran_begin	-129409321	4	X	EXTENDED_STORED_PROCEDURE	2026-08-27T10:21:48.680	2026-08-27T10:21:48.683
sp_MShaschangeslightweight	-129219963	4	P	SQL_STORED_PROCEDURE	2026-08-27T10:22:58.530	2026-08-27T10:22:58.533
sp_changepublication	-129112497	4	P	SQL_STORED_PROCEDURE	2026-08-27T10:22:42.043	2026-08-27T10:22:43.533
sp_resyncexecute	-128715101	4	X	EXTENDED_STORED_PROCEDURE	2026-08-27T10:21:51.093	2026-08-27T10:21:51.153
sp_MScreatelightweightprocstriggersconstraints	-128481486	4	P	SQL_STORED_PROCEDURE	2026-08-27T10:22:58.473	2026-08-27T10:22:58.477
sp_add_log_shipping_primary_secondary	-128382326	4	P	SQL_STORED_PROCEDURE	2026-08-27T10:22:46.813	2026-08-27T10:22:46.980
fn_cdc_is_bit_set	-128175658	4	FS	CLR_SCALAR_FUNCTION	2026-08-27T10:22:35.490	2026-08-27T10:22:35.493
sp_subscriptionsummary	-126974971	4	P	SQL_STORED_PROCEDURE	2026-08-27T10:22:40.423	2026-08-27T10:22:40.650
sp_diagnostic_showplan_log_dbid	-126100158	4	X	EXTENDED_STORED_PROCEDURE	2026-08-27T10:21:48.010	2026-08-27T10:21:48.013
sp_help_fulltext_tables_cursor	-125322493	4	P	SQL_STORED_PROCEDURE	2026-08-27T10:21:56.913	2026-08-27T10:21:56.950
sp_MSenum_distribution_s	-125164353	4	P	SQL_STORED_PROCEDURE	2026-08-27T10:22:45.110	2026-08-27T10:22:45.587
sp_usertypes_rowset	-125163268	4	P	SQL_STORED_PROCEDURE	2026-08-27T10:22:27.640	2026-08-27T10:22:27.643
sp_procedure_params_90_rowset	-124607697	4	P	SQL_STORED_PROCEDURE	2026-08-27T10:22:27.697	2026-08-27T10:22:27.700
sp_MSSetServerProperties	-124150413	4	P	SQL_STORED_PROCEDURE	2026-08-27T10:23:30.407	2026-08-27T10:23:30.433
sp_tablecollations_100	-123771224	4	P	SQL_STORED_PROCEDURE	2026-08-27T10:22:27.620	2026-08-27T10:22:27.623
sp_tables_info_rowset2_64	-123124916	4	P	SQL_STORED_PROCEDURE	2026-08-27T10:22:27.560	2026-08-27T10:22:27.563
dm_server_external_policy_actions	-122843349	4	V	VIEW	2026-08-27T10:21:35.103	2026-08-27T10:21:35.107
sp_MShelpdynamicsnapshotjobatdistributor	-122391960	4	P	SQL_STORED_PROCEDURE	2026-08-27T10:22:45.307	2026-08-27T10:22:45.600
sp_MSget_last_transaction	-122311057	4	P	SQL_STORED_PROCEDURE	2026-08-27T10:22:44.960	2026-08-27T10:23:09.767
COLUMN_PRIVILEGES	-122239902	3	V	VIEW	2026-08-27T10:22:29.980	2026-08-27T10:22:29.983
sp_MSuniquename	-122012172	4	P	SQL_STORED_PROCEDURE	2026-08-27T10:23:30.357	2026-08-27T10:23:30.427
sp_try_set_session_context	-121908473	4	X	EXTENDED_STORED_PROCEDURE	2026-08-27T10:21:51.123	2026-08-27T10:21:51.157
sp_MShelpmergeidentity	-121629849	4	P	SQL_STORED_PROCEDURE	2026-08-27T10:22:56.370	2026-08-27T10:23:15.300
sp_MSdist_activate_auto_sub	-121491759	4	P	SQL_STORED_PROCEDURE	2026-08-27T10:22:45.163	2026-08-27T10:22:45.590
sp_MSget_oledbinfo	-121449569	4	P	SQL_STORED_PROCEDURE	2026-08-27T10:22:40.287	2026-08-27T10:23:00.310
dm_os_linux_vm_stats	-120986418	4	V	VIEW	2026-08-27T10:21:48.113	2026-08-27T10:21:48.117
dm_db_script_level	-120687274	4	V	VIEW	2026-08-27T10:21:48.210	2026-08-27T10:21:48.213
sp_foreign_keys_rowset2	-120434146	4	P	SQL_STORED_PROCEDURE	2026-08-27T10:22:27.390	2026-08-27T10:22:27.393
dm_server_audit_status	-119413159	4	V	VIEW	2026-08-27T10:21:35.090	2026-08-27T10:21:35.093
dm_db_rda_schema_update_status	-118980417	4	V	VIEW	2026-08-27T10:22:19.213	2026-08-27T10:22:19.217
sp_MSget_attach_state	-118218280	4	P	SQL_STORED_PROCEDURE	2026-08-27T10:22:38.167	2026-08-27T10:22:38.590
sp_indexes_100_rowset2	-117919800	4	P	SQL_STORED_PROCEDURE	2026-08-27T10:22:27.423	2026-08-27T10:22:27.427
sp_MSdbuseraccess	-116922836	4	P	SQL_STORED_PROCEDURE	2026-08-27T10:23:30.390	2026-08-27T10:23:30.430
sp_MSadd_merge_history90	-116526391	4	P	SQL_STORED_PROCEDURE	2026-08-27T10:22:45.127	2026-08-27T10:23:10.047
sp_create_asymmetric_key_from_external_key	-114660997	4	X	EXTENDED_STORED_PROCEDURE	2026-08-27T10:21:48.550	2026-08-27T10:21:48.553
sp_IHScriptIdxFile	-114331849	4	P	SQL_STORED_PROCEDURE	2026-08-27T10:22:43.137	2026-08-27T10:22:43.553
sp_MSchange_retention	-113842633	4	P	SQL_STORED_PROCEDURE	2026-08-27T10:22:37.373	2026-08-27T10:22:38.587
sp_addtype	-113316616	4	P	SQL_STORED_PROCEDURE	2026-08-27T10:21:38.613	2026-08-27T10:21:38.620
fn_column_store_row_groups	-112789279	4	IF	SQL_INLINE_TABLE_VALUED_FUNCTION	2026-08-27T10:21:48.557	2026-08-27T10:21:48.560
dm_io_cluster_shared_drives	-112737190	4	V	VIEW	2026-08-27T10:21:48.240	2026-08-27T10:21:48.243
sp_trace_setevent	-112232411	4	X	EXTENDED_STORED_PROCEDURE	2026-08-27T10:21:59.100	2026-08-27T10:21:59.103
xp_sqlagent_param	-112135537	4	X	EXTENDED_STORED_PROCEDURE	2026-08-27T10:23:28.977	2026-08-27T10:23:29.033
sp_subscription_cleanup	-112072067	4	P	SQL_STORED_PROCEDURE	2026-08-27T10:22:37.360	2026-08-27T10:23:02.593
sp_xtp_flush_temporal_history	-111897886	4	P	SQL_STORED_PROCEDURE	2026-08-27T10:22:20.293	2026-08-27T10:22:20.300
sp_MSaddmergetriggers_internal	-111835867	4	P	SQL_STORED_PROCEDURE	2026-08-27T10:22:52.693	2026-08-27T10:22:52.697
GeometryCollectionAggregate	-111728942	4	AF	AGGREGATE_FUNCTION	2026-08-27T10:22:07.403	2026-08-27T10:22:07.457
sp_vector_index_pivot_builder_init_centroid	-110840214	4	X	EXTENDED_STORED_PROCEDURE	2026-08-27T10:21:48.797	2026-08-27T10:21:48.800
sp_MSreenable_check	-110745426	4	P	SQL_STORED_PROCEDURE	2026-08-27T10:22:43.077	2026-08-27T10:23:06.753
sp_MSgetsubscriberinfo	-110098258	4	P	SQL_STORED_PROCEDURE	2026-08-27T10:22:57.133	2026-08-27T10:22:57.137
sp_helpxactsetjob	-108589702	4	P	SQL_STORED_PROCEDURE	2026-08-27T10:22:43.167	2026-08-27T10:22:43.553
sp_help_change_feed_settings	-108245962	4	P	SQL_STORED_PROCEDURE	2026-08-27T10:22:51.200	2026-08-27T10:22:51.293
sp_MSscriptdb_worker	-108188017	4	P	SQL_STORED_PROCEDURE	2026-08-27T10:23:30.383	2026-08-27T10:23:30.430
sp_cursoroption	-108096485	4	X	EXTENDED_STORED_PROCEDURE	2026-08-27T10:21:51.080	2026-08-27T10:21:51.147
sp_cleanup_log_shipping_history	-107866530	4	P	SQL_STORED_PROCEDURE	2026-08-27T10:22:46.920	2026-08-27T10:22:46.983
sp_who2	-107590799	4	P	SQL_STORED_PROCEDURE	2026-08-27T10:21:51.120	2026-08-27T10:21:51.157
sp_help_log_shipping_monitor_secondary	-107214840	4	P	SQL_STORED_PROCEDURE	2026-08-27T10:22:46.900	2026-08-27T10:22:46.980
availability_group_listener_ip_addresses	-107098490	4	V	VIEW	2026-08-27T10:21:48.520	2026-08-27T10:21:48.523
sp_estimated_rowsize_reduction_for_vardecimal	-105523202	4	P	SQL_STORED_PROCEDURE	2026-08-27T10:21:40.973	2026-08-27T10:21:41.107
sp_MSNonSQLDDL	-105090839	4	P	SQL_STORED_PROCEDURE	2026-08-27T10:22:37.030	2026-08-27T10:23:02.117
dm_os_tasks	-104729818	4	V	VIEW	2026-08-27T10:21:48.077	2026-08-27T10:21:48.080
fulltext_document_types	-104492283	4	V	VIEW	2026-08-27T10:21:56.937	2026-08-27T10:21:56.950
sp_MSmakegeneration	-103774808	4	P	SQL_STORED_PROCEDURE	2026-08-27T10:22:52.563	2026-08-27T10:23:12.073
sp_revokedbaccess	-103770002	4	P	SQL_STORED_PROCEDURE	2026-08-27T10:21:37.433	2026-08-27T10:21:37.520
sp_adjustpublisheridentityrange	-103439020	4	P	SQL_STORED_PROCEDURE	2026-08-27T10:22:38.333	2026-08-27T10:23:04.230
dm_db_fts_index_physical_stats	-103402673	4	V	VIEW	2026-08-27T10:21:49.897	2026-08-27T10:21:49.900
sp_check_for_sync_trigger	-103199093	4	P	SQL_STORED_PROCEDURE	2026-08-27T10:22:37.490	2026-08-27T10:23:02.830
sp_add_log_shipping_primary_database	-102915735	4	P	SQL_STORED_PROCEDURE	2026-08-27T10:22:46.787	2026-08-27T10:22:46.980
xp_regenumkeys	-102340614	4	X	EXTENDED_STORED_PROCEDURE	2026-08-27T10:23:28.967	2026-08-27T10:23:29.013
sp_MSclear_dynamic_snapshot_location	-102315113	4	P	SQL_STORED_PROCEDURE	2026-08-27T10:22:55.137	2026-08-27T10:23:14.117
sp_MScheck_subscription_partition	-102018893	4	P	SQL_STORED_PROCEDURE	2026-08-27T10:22:56.660	2026-08-27T10:22:56.663
dm_hpc_device_stats	-100960840	4	V	VIEW	2026-08-27T10:21:48.567	2026-08-27T10:21:48.570
sp_MShelpreplicationtriggers	-100674768	4	P	SQL_STORED_PROCEDURE	2026-08-27T10:22:36.667	2026-08-27T10:22:38.580
sp_MScreate_tempgenhistorytable	-99405635	4	P	SQL_STORED_PROCEDURE	2026-08-27T10:22:57.277	2026-08-27T10:22:57.280
sp_control_dbmasterkey_password	-99089714	4	X	EXTENDED_STORED_PROCEDURE	2026-08-27T10:22:01.370	2026-08-27T10:22:01.377
fn_trace_getfilterinfo	-99011299	4	TF	SQL_TABLE_VALUED_FUNCTION	2026-08-27T10:21:59.127	2026-08-27T10:21:59.130
sp_MScreatelightweightmultipurposeproc	-98898538	4	P	SQL_STORED_PROCEDURE	2026-08-27T10:22:58.577	2026-08-27T10:23:17.200
sp_get_total_openrowset_statistics_count	-98748726	4	X	EXTENDED_STORED_PROCEDURE	2026-08-27T10:22:12.517	2026-08-27T10:22:12.520
sp_tables_info_90_rowset2_64	-97569637	4	P	SQL_STORED_PROCEDURE	2026-08-27T10:22:27.560	2026-08-27T10:22:27.563
sp_MSsetreplicaschemaversion	-97442265	4	P	SQL_STORED_PROCEDURE	2026-08-27T10:22:57.270	2026-08-27T10:22:57.273
sp_get_dw_db_properties	-97388585	4	X	EXTENDED_STORED_PROCEDURE	2026-08-27T10:22:12.660	2026-08-27T10:22:12.663
sp_xp_cmdshell_proxy_account	-97348395	4	X	EXTENDED_STORED_PROCEDURE	2026-08-27T10:22:01.310	2026-08-27T10:22:01.313
sp_MSscriptforeignkeyrestore	-96815055	4	P	SQL_STORED_PROCEDURE	2026-08-27T10:22:38.363	2026-08-27T10:22:38.603
sp_fido_build_basic_histogram	-96135669	4	X	EXTENDED_STORED_PROCEDURE	2026-08-27T10:22:10.790	2026-08-27T10:22:10.793
dm_server_suspend_status	-95252647	4	V	VIEW	2026-08-27T10:22:09.687	2026-08-27T10:22:09.690
fn_replgetcolidfrombitmap	-94841804	4	TF	SQL_TABLE_VALUED_FUNCTION	2026-08-27T10:22:36.910	2026-08-27T10:22:38.580
sp_dropmergepublication	-94169015	4	P	SQL_STORED_PROCEDURE	2026-08-27T10:22:54.607	2026-08-27T10:23:13.527
sp_helpsrvrolemember	-93184835	4	P	SQL_STORED_PROCEDURE	2026-08-27T10:21:35.207	2026-08-27T10:21:35.230
fn_IsBitSetInBitmask	-92987834	4	FN	SQL_SCALAR_FUNCTION	2026-08-27T10:22:37.100	2026-08-27T10:22:38.583
sp_change_feed_disable_db	-92693533	4	P	SQL_STORED_PROCEDURE	2026-08-27T10:22:51.103	2026-08-27T10:22:51.290
xp_regenumvalues	-91435751	4	X	EXTENDED_STORED_PROCEDURE	2026-08-27T10:23:28.967	2026-08-27T10:23:29.013
fn_sqlagent_subsystems	-91301071	4	TF	SQL_TABLE_VALUED_FUNCTION	2026-08-27T10:22:32.703	2026-08-27T10:22:32.707
sp_autoindex_cancel_dta	-91206054	4	X	EXTENDED_STORED_PROCEDURE	2026-08-27T10:22:18.160	2026-08-27T10:22:18.163
sp_MScheckIsPubOfSub	-89220102	4	P	SQL_STORED_PROCEDURE	2026-08-27T10:22:57.280	2026-08-27T10:22:57.317
sp_OASetProperty	-87095988	4	X	EXTENDED_STORED_PROCEDURE	2026-08-27T10:23:24.563	2026-08-27T10:23:24.570
sp_help_log_shipping_secondary_primary	-86946328	4	P	SQL_STORED_PROCEDURE	2026-08-27T10:22:46.847	2026-08-27T10:22:46.980
sp_addsynctriggerscore	-84992824	4	P	SQL_STORED_PROCEDURE	2026-08-27T10:22:37.643	2026-08-27T10:23:03.087
sp_estimate_data_compression_savings	-84473125	4	P	SQL_STORED_PROCEDURE	2026-08-27T10:21:41.050	2026-08-27T10:21:41.110
sp_dw_database_update_onesecurity_mode	-84273154	4	X	EXTENDED_STORED_PROCEDURE	2026-08-27T10:22:12.620	2026-08-27T10:22:12.623
sp_MSgenerateexpandproc	-84016788	4	P	SQL_STORED_PROCEDURE	2026-08-27T10:22:52.770	2026-08-27T10:23:12.190
sp_executesql_metrics	-83963879	4	X	EXTENDED_STORED_PROCEDURE	2026-08-27T10:22:12.547	2026-08-27T10:22:12.550
sp_MShelpmergedynamicsnapshotjob	-82836045	4	P	SQL_STORED_PROCEDURE	2026-08-27T10:22:54.970	2026-08-27T10:23:13.897
sp_MSupdate_singlelogicalrecordmetadata	-82268673	4	P	SQL_STORED_PROCEDURE	2026-08-27T10:22:55.030	2026-08-27T10:23:13.977
sp_xtp_slo_can_downgrade	-82211208	4	P	SQL_STORED_PROCEDURE	2026-08-27T10:23:45.570	2026-08-27T10:23:45.573
sp_helpdb	-82181699	4	P	SQL_STORED_PROCEDURE	2026-08-27T10:21:48.293	2026-08-27T10:21:48.650
fn_trace_geteventinfo	-81646787	4	TF	SQL_TABLE_VALUED_FUNCTION	2026-08-27T10:21:59.123	2026-08-27T10:21:59.127
sp_delete_log_shipping_alert_job	-80657829	4	P	SQL_STORED_PROCEDURE	2026-08-27T10:22:46.907	2026-08-27T10:22:46.980
sp_getsubscriptiondtspackagename	-80567752	4	P	SQL_STORED_PROCEDURE	2026-08-27T10:22:38.220	2026-08-27T10:22:38.590
sp_vupgrade_replsecurity_metadata	-80506569	4	P	SQL_STORED_PROCEDURE	2026-08-27T10:22:38.107	2026-08-27T10:22:38.607
xp_grantlogin	-80325383	4	P	SQL_STORED_PROCEDURE	2026-08-27T10:22:01.353	2026-08-27T10:22:01.377
sp_get_delta_lake_storage_properties	-79497543	4	X	EXTENDED_STORED_PROCEDURE	2026-08-27T10:22:12.627	2026-08-27T10:22:12.630
xp_subdirs	-78603364	4	X	EXTENDED_STORED_PROCEDURE	2026-08-27T10:23:28.973	2026-08-27T10:23:29.043
sp_MSanonymous_status	-78279061	4	P	SQL_STORED_PROCEDURE	2026-08-27T10:22:44.950	2026-08-27T10:22:45.583
sp_FuzzyLookupTableMaintenanceInstall	-77519030	4	PC	CLR_STORED_PROCEDURE	2026-08-27T10:23:23.487	2026-08-27T10:23:23.490
login_token	-77438453	4	V	VIEW	2026-08-27T10:21:35.070	2026-08-27T10:21:35.073
sp_changeobjectowner	-77102198	4	P	SQL_STORED_PROCEDURE	2026-08-27T10:21:37.487	2026-08-27T10:21:37.523
sp_MStablechecks	-76658790	4	P	SQL_STORED_PROCEDURE	2026-08-27T10:23:30.320	2026-08-27T10:23:30.420
sp_check_subset_filter	-75349583	4	P	SQL_STORED_PROCEDURE	2026-08-27T10:22:55.080	2026-08-27T10:22:55.083
sp_marksubscriptionvalidation	-75314183	4	P	SQL_STORED_PROCEDURE	2026-08-27T10:22:42.980	2026-08-27T10:22:43.537
sp_MSgetmetadatabatch90	-74916690	4	P	SQL_STORED_PROCEDURE	2026-08-27T10:22:56.573	2026-08-27T10:22:56.577
sp_sqljdbc_xa_install	-74157223	4	P	SQL_STORED_PROCEDURE	2026-08-27T10:23:31.633	2026-08-27T10:23:31.637
sp_MSloginmappings	-73900266	4	P	SQL_STORED_PROCEDURE	2026-08-27T10:23:30.353	2026-08-27T10:23:30.423
dm_db_internal_auto_tuning_workflows	-73475377	4	V	VIEW	2026-08-27T10:22:22.490	2026-08-27T10:22:22.493
sp_helprolemember	-73307518	4	P	SQL_STORED_PROCEDURE	2026-08-27T10:21:35.213	2026-08-27T10:21:35.230
sp_dw_attach_database	-72925980	4	X	EXTENDED_STORED_PROCEDURE	2026-08-27T10:22:12.610	2026-08-27T10:22:12.613
sp_help_fulltext_catalog_components	-72338227	4	P	SQL_STORED_PROCEDURE	2026-08-27T10:21:56.940	2026-08-27T10:21:56.950
sp_disable_event_stream	-70899653	4	P	SQL_STORED_PROCEDURE	2026-08-27T10:23:33.920	2026-08-27T10:23:33.973
sp_auto_tuning_update_index_recommendation	-70194882	4	P	SQL_STORED_PROCEDURE	2026-08-27T10:22:22.463	2026-08-27T10:22:22.473
sp_sparse_columns_100_rowset	-70125093	4	P	SQL_STORED_PROCEDURE	2026-08-27T10:22:27.360	2026-08-27T10:22:27.363
dm_dw_quality_delta	-69899302	4	V	VIEW	2026-08-27T10:21:48.713	2026-08-27T10:21:48.717
dm_exec_plan_attributes	-69842288	4	IF	SQL_INLINE_TABLE_VALUED_FUNCTION	2026-08-27T10:21:51.020	2026-08-27T10:21:51.023
sp_script_reconciliation_delproc	-68980131	4	P	SQL_STORED_PROCEDURE	2026-08-27T10:22:42.890	2026-08-27T10:22:43.540
sp_columns_100_rowset2	-68687683	4	P	SQL_STORED_PROCEDURE	2026-08-27T10:22:27.357	2026-08-27T10:22:27.360
sp_MSdrop_merge_agent	-67642395	4	P	SQL_STORED_PROCEDURE	2026-08-27T10:22:44.880	2026-08-27T10:23:09.690
sp_dropsubscriber	-67449211	4	P	SQL_STORED_PROCEDURE	2026-08-27T10:22:39.947	2026-08-27T10:22:40.643
sp_cleanup_all_user_data_in_master	-66905089	4	X	EXTENDED_STORED_PROCEDURE	2026-08-27T10:22:12.590	2026-08-27T10:22:12.593
sp_addmergepartition	-66612026	4	P	SQL_STORED_PROCEDURE	2026-08-27T10:22:55.007	2026-08-27T10:22:55.010
dm_xe_packages	-66559004	4	V	VIEW	2026-08-27T10:21:48.120	2026-08-27T10:21:48.123
sp_create_event_stream_group	-66204813	4	P	SQL_STORED_PROCEDURE	2026-08-27T10:23:33.920	2026-08-27T10:23:33.973
fn_cdc_map_time_to_lsn	-65585398	4	FN	SQL_SCALAR_FUNCTION	2026-08-27T10:22:48.563	2026-08-27T10:22:48.597
sp_SetAutoSAPasswordAndDisable	-65170561	4	P	SQL_STORED_PROCEDURE	2026-08-27T10:21:37.507	2026-08-27T10:21:37.523
dm_logpool_stats	-64117504	4	V	VIEW	2026-08-27T10:21:48.220	2026-08-27T10:21:48.223
sp_MSdrop_subscriber_info	-63563188	4	P	SQL_STORED_PROCEDURE	2026-08-27T10:22:44.983	2026-08-27T10:23:09.820
sp_renamedb	-62818140	4	P	SQL_STORED_PROCEDURE	2026-08-27T10:21:39.730	2026-08-27T10:21:39.770
fulltext_semantic_languages	-62495753	4	V	VIEW	2026-08-27T10:21:26.700	2026-08-27T10:21:26.707
sp_depends	-61771628	4	P	SQL_STORED_PROCEDURE	2026-08-27T10:21:54.667	2026-08-27T10:21:54.733
fn_cColvEntries_80	-61545096	4	FN	SQL_SCALAR_FUNCTION	2026-08-27T10:22:36.843	2026-08-27T10:23:01.943
sp_memory_optimized_cs_migration	-60980385	4	P	SQL_STORED_PROCEDURE	2026-08-27T10:23:45.537	2026-08-27T10:23:45.540
sp_serveroption	-60611724	4	P	SQL_STORED_PROCEDURE	2026-08-27T10:22:02.500	2026-08-27T10:22:02.523
sp_MSenum_merge_sd	-60274931	4	P	SQL_STORED_PROCEDURE	2026-08-27T10:22:45.153	2026-08-27T10:22:45.590
sp_MSreleasesnapshotdeliverysessionlock	-59526061	4	P	SQL_STORED_PROCEDURE	2026-08-27T10:22:36.867	2026-08-27T10:22:38.580
sp_cursorprepare	-59502547	4	X	EXTENDED_STORED_PROCEDURE	2026-08-27T10:21:51.080	2026-08-27T10:21:51.147
xp_sprintf	-59065688	4	X	EXTENDED_STORED_PROCEDURE	2026-08-27T10:21:52.260	2026-08-27T10:21:52.263
sp_xa_init_ex	-57837661	4	X	EXTENDED_STORED_PROCEDURE	2026-08-27T10:23:31.610	2026-08-27T10:23:31.613
dm_os_linux_cpu_stats	-57319281	4	V	VIEW	2026-08-27T10:21:48.110	2026-08-27T10:21:48.113
sp_MSenumpubreferences	-57042880	4	P	SQL_STORED_PROCEDURE	2026-08-27T10:22:54.840	2026-08-27T10:23:13.673
fn_stmt_sql_handle_from_sql_stmt	-56560631	4	IF	SQL_INLINE_TABLE_VALUED_FUNCTION	2026-08-27T10:22:13.840	2026-08-27T10:22:13.843
sp_procedures_rowset	-54907320	4	P	SQL_STORED_PROCEDURE	2026-08-27T10:22:27.520	2026-08-27T10:22:27.527
sp_droporphans	-54422526	4	X	EXTENDED_STORED_PROCEDURE	2026-08-27T10:21:51.090	2026-08-27T10:21:51.150
sp_columns_90_rowset	-54053800	4	P	SQL_STORED_PROCEDURE	2026-08-27T10:22:27.340	2026-08-27T10:22:27.343
sp_MScreatelightweightinsertproc	-53399388	4	P	SQL_STORED_PROCEDURE	2026-08-27T10:22:58.550	2026-08-27T10:23:17.170
sp_MSscriptcustomdelproc	-52305128	4	P	SQL_STORED_PROCEDURE	2026-08-27T10:22:42.900	2026-08-27T10:22:43.550
sp_MSscript_pub_upd_trig	-52151421	4	P	SQL_STORED_PROCEDURE	2026-08-27T10:22:42.730	2026-08-27T10:22:43.543
sp_trace_setfilter	-51217710	4	X	EXTENDED_STORED_PROCEDURE	2026-08-27T10:21:59.103	2026-08-27T10:21:59.107
sp_MStablespace	-50919487	4	P	SQL_STORED_PROCEDURE	2026-08-27T10:23:30.283	2026-08-27T10:23:30.420
dm_os_memory_nodes_processor_groups	-50539517	4	V	VIEW	2026-08-27T10:21:48.090	2026-08-27T10:21:48.093
sp_sqlagent_add_jobstep	-50216184	4	P	SQL_STORED_PROCEDURE	2026-08-27T10:22:32.663	2026-08-27T10:22:32.667
sp_repl_generateevent	-50136531	4	X	EXTENDED_STORED_PROCEDURE	2026-08-27T10:22:38.570	2026-08-27T10:22:38.610
spatial_reference_systems	-50028427	4	V	VIEW	2026-08-27T10:22:07.453	2026-08-27T10:22:07.457
sp_MSuselightweightreplication	-49774220	4	P	SQL_STORED_PROCEDURE	2026-08-27T10:22:58.600	2026-08-27T10:22:58.603
sp_indexes_rowset_rmt	-49267085	4	P	SQL_STORED_PROCEDURE	2026-08-27T10:22:27.423	2026-08-27T10:22:27.427
sp_IH_LR_GetCacheData	-49203610	4	P	SQL_STORED_PROCEDURE	2026-08-27T10:22:43.173	2026-08-27T10:23:06.883
sp_spaceused	-48860199	4	P	SQL_STORED_PROCEDURE	2026-08-27T10:21:48.347	2026-08-27T10:21:48.650
sp_MSadd_replmergealert	-48419766	4	P	SQL_STORED_PROCEDURE	2026-08-27T10:22:45.160	2026-08-27T10:22:45.590
sp_MSsetreplicainfo	-48298025	4	P	SQL_STORED_PROCEDURE	2026-08-27T10:22:56.670	2026-08-27T10:22:56.673
sp_statistics_rowset	-48087781	4	P	SQL_STORED_PROCEDURE	2026-08-27T10:22:27.530	2026-08-27T10:22:27.537
sp_MSsetconflictscript	-47485166	4	P	SQL_STORED_PROCEDURE	2026-08-27T10:22:56.690	2026-08-27T10:22:56.693
dm_os_memory_nodes	-46687631	4	V	VIEW	2026-08-27T10:21:48.087	2026-08-27T10:21:48.090
sp_MSrepl_IsLastPubInSharedSubscription	-46533585	4	P	SQL_STORED_PROCEDURE	2026-08-27T10:22:40.403	2026-08-27T10:23:00.533
sp_cdc_cleanup_change_table	-46352811	4	P	SQL_STORED_PROCEDURE	2026-08-27T10:22:48.440	2026-08-27T10:22:48.593
sp_kill_filestream_non_transacted_handles	-45895095	4	P	SQL_STORED_PROCEDURE	2026-08-27T10:22:00.230	2026-08-27T10:22:00.233
xp_create_subdir	-45417692	4	X	EXTENDED_STORED_PROCEDURE	2026-08-27T10:23:28.980	2026-08-27T10:23:29.023
sp_MSchange_mergearticle	-45361362	4	P	SQL_STORED_PROCEDURE	2026-08-27T10:22:55.160	2026-08-27T10:22:55.163
sp_scriptsubconflicttable	-45325850	4	P	SQL_STORED_PROCEDURE	2026-08-27T10:22:42.810	2026-08-27T10:22:43.537
sp_cdc_dbsnapshotLSN	-44649105	4	P	SQL_STORED_PROCEDURE	2026-08-27T10:22:48.260	2026-08-27T10:22:48.600
dm_dw_databases	-42727694	4	V	VIEW	2026-08-27T10:21:48.590	2026-08-27T10:21:48.593
dm_tran_version_store	-42590756	4	V	VIEW	2026-08-27T10:21:48.217	2026-08-27T10:21:48.220
sp_MSreset_attach_state	-42516699	4	P	SQL_STORED_PROCEDURE	2026-08-27T10:22:38.170	2026-08-27T10:22:38.600
dm_tran_distributed_transaction_stats	-42105314	4	V	VIEW	2026-08-27T10:21:48.620	2026-08-27T10:21:48.623
sp_MSfetchAdjustidentityrange	-41832558	4	P	SQL_STORED_PROCEDURE	2026-08-27T10:22:45.267	2026-08-27T10:23:10.273
sp_MShelpmergeconflictcounts	-41683798	4	P	SQL_STORED_PROCEDURE	2026-08-27T10:22:54.900	2026-08-27T10:23:13.777
sp_MSpublicationview	-41621295	4	P	SQL_STORED_PROCEDURE	2026-08-27T10:22:54.697	2026-08-27T10:23:13.550
dm_os_windows_info	-39745214	4	V	VIEW	2026-08-27T10:21:48.107	2026-08-27T10:21:48.110
dm_os_cluster_nodes	-39192848	4	V	VIEW	2026-08-27T10:21:48.243	2026-08-27T10:21:48.247
sp_column_privileges	-38074391	4	P	SQL_STORED_PROCEDURE	2026-08-27T10:22:26.953	2026-08-27T10:22:26.957
sp_helpmergefilter	-38015893	4	P	SQL_STORED_PROCEDURE	2026-08-27T10:22:54.837	2026-08-27T10:23:13.653
sp_MSdelrow	-37422034	4	P	SQL_STORED_PROCEDURE	2026-08-27T10:22:56.737	2026-08-27T10:22:56.740
dm_server_external_policy_principals	-36813974	4	V	VIEW	2026-08-27T10:21:35.107	2026-08-27T10:21:35.110
dm_exec_distributed_tasks	-36401287	4	V	VIEW	2026-08-27T10:21:47.983	2026-08-27T10:21:47.987
sp_rda_reconcile_columns	-35553082	4	X	EXTENDED_STORED_PROCEDURE	2026-08-27T10:22:19.230	2026-08-27T10:22:19.233
sp_MSrepl_reinit_jobsync_table	-34784466	4	P	SQL_STORED_PROCEDURE	2026-08-27T10:22:45.553	2026-08-27T10:23:10.720
sp_MSdistributoravailable	-34754849	4	P	SQL_STORED_PROCEDURE	2026-08-27T10:22:39.910	2026-08-27T10:22:40.637
xp_regread	-34491504	4	X	EXTENDED_STORED_PROCEDURE	2026-08-27T10:23:28.960	2026-08-27T10:23:29.043
sp_add_agent_parameter	-33405429	4	P	SQL_STORED_PROCEDURE	2026-08-27T10:22:39.787	2026-08-27T10:22:40.643
sp_check_publication_access	-33081769	4	P	SQL_STORED_PROCEDURE	2026-08-27T10:22:40.320	2026-08-27T10:22:40.637
dm_xtp_gc_queue_stats	-32939601	4	V	VIEW	2026-08-27T10:23:45.530	2026-08-27T10:23:45.533
dm_os_process_memory	-32276936	4	V	VIEW	2026-08-27T10:21:48.087	2026-08-27T10:21:48.090
sp_tables_info_90_rowset2	-31328060	4	P	SQL_STORED_PROCEDURE	2026-08-27T10:22:27.550	2026-08-27T10:22:27.553
sp_change_feed_enable_table	-30862487	4	P	SQL_STORED_PROCEDURE	2026-08-27T10:22:51.060	2026-08-27T10:22:51.290
sp_MSgetreplicastate	-30558969	4	P	SQL_STORED_PROCEDURE	2026-08-27T10:22:56.447	2026-08-27T10:22:56.450
sp_MSget_min_seqno	-30533397	4	P	SQL_STORED_PROCEDURE	2026-08-27T10:22:44.927	2026-08-27T10:23:09.743
sp_change_feed_notify_table_only_reseed	-29844896	4	X	EXTENDED_STORED_PROCEDURE	2026-08-27T10:22:51.237	2026-08-27T10:22:51.293
dm_external_governance_synchronizing_objects	-29579616	4	V	VIEW	2026-08-27T10:21:35.120	2026-08-27T10:21:35.123
sp_cdc_restoredb	-29528818	4	P	SQL_STORED_PROCEDURE	2026-08-27T10:22:48.477	2026-08-27T10:22:48.597
xp_instance_regdeletekey	-29159393	4	X	EXTENDED_STORED_PROCEDURE	2026-08-27T10:23:28.970	2026-08-27T10:23:29.017
sp_getbindtoken	-28939098	4	X	EXTENDED_STORED_PROCEDURE	2026-08-27T10:21:51.090	2026-08-27T10:21:51.150
xp_sysmail_format_query	-28796257	4	X	EXTENDED_STORED_PROCEDURE	2026-08-27T10:23:28.980	2026-08-27T10:23:29.037
sp_replmonitorhelppublication	-27774871	4	P	SQL_STORED_PROCEDURE	2026-08-27T10:22:45.380	2026-08-27T10:22:45.603
sp_check_sync_trigger	-27754508	4	P	SQL_STORED_PROCEDURE	2026-08-27T10:22:37.487	2026-08-27T10:23:02.820
sp_MSreplagentjobexists	-27651200	4	P	SQL_STORED_PROCEDURE	2026-08-27T10:22:45.437	2026-08-27T10:23:10.587
sp_helparticlecolumns	-27452799	4	P	SQL_STORED_PROCEDURE	2026-08-27T10:22:42.180	2026-08-27T10:22:43.533
sp_attachsubscription	-27258614	4	P	SQL_STORED_PROCEDURE	2026-08-27T10:22:38.300	2026-08-27T10:23:04.130
sp_db_selective_xml_index	-26156665	4	P	SQL_STORED_PROCEDURE	2026-08-27T10:21:48.573	2026-08-27T10:21:48.667
dm_tran_global_transactions	-25821478	4	V	VIEW	2026-08-27T10:21:48.607	2026-08-27T10:21:48.610
sp_ddopen	-24868470	4	P	SQL_STORED_PROCEDURE	2026-08-27T10:22:27.220	2026-08-27T10:22:27.263
sp_MSmerge_log_identity_range_allocations	-24538674	4	P	SQL_STORED_PROCEDURE	2026-08-27T10:22:45.347	2026-08-27T10:22:45.573
sp_MSget_repl_cmds_anonymous	-24103146	4	P	SQL_STORED_PROCEDURE	2026-08-27T10:22:44.947	2026-08-27T10:22:45.580
sp_MSgetsupportabilitysettings	-23064790	4	P	SQL_STORED_PROCEDURE	2026-08-27T10:22:56.673	2026-08-27T10:22:56.677
sp_resetsnapshotdeliveryprogress	-22805939	4	P	SQL_STORED_PROCEDURE	2026-08-27T10:22:36.860	2026-08-27T10:22:38.580
sp_sproc_columns	-22614129	4	P	SQL_STORED_PROCEDURE	2026-08-27T10:22:27.147	2026-08-27T10:22:27.150
sp_MSgetconflictinsertproc	-22339825	4	P	SQL_STORED_PROCEDURE	2026-08-27T10:22:56.727	2026-08-27T10:23:15.533
fn_full_dblog	-22085753	4	IF	SQL_INLINE_TABLE_VALUED_FUNCTION	2026-08-27T10:21:48.373	2026-08-27T10:21:48.660
sp_MScheck_snapshot_agent	-19718956	4	P	SQL_STORED_PROCEDURE	2026-08-27T10:22:45	2026-08-27T10:23:09.850
sp_indexes_rowset	-19714431	4	P	SQL_STORED_PROCEDURE	2026-08-27T10:22:27.403	2026-08-27T10:22:27.413
sp_MSgetalternaterecgens	-19625589	4	P	SQL_STORED_PROCEDURE	2026-08-27T10:22:56.443	2026-08-27T10:22:56.447
sp_MScdc_capture_job	-19522091	4	P	SQL_STORED_PROCEDURE	2026-08-27T10:22:48.160	2026-08-27T10:22:48.593
sp_MSadd_logreader_agent	-19000235	4	P	SQL_STORED_PROCEDURE	2026-08-27T10:22:45.030	2026-08-27T10:23:09.910
sp_cursorexecute	-18219047	4	X	EXTENDED_STORED_PROCEDURE	2026-08-27T10:21:51.080	2026-08-27T10:21:51.147
sp_MSchange_snapshot_agent_properties	-17970527	4	P	SQL_STORED_PROCEDURE	2026-08-27T10:22:45.430	2026-08-27T10:23:10.580
sp_MSset_repl_serveroptions	-16740343	4	P	SQL_STORED_PROCEDURE	2026-08-27T10:22:39.847	2026-08-27T10:22:40.657
sp_MSrepl_createdatatypemappings	-16607801	4	P	SQL_STORED_PROCEDURE	2026-08-27T10:22:40.473	2026-08-27T10:23:00.630
dm_xe_objects	-15918666	4	V	VIEW	2026-08-27T10:21:48.120	2026-08-27T10:21:48.123
sp_tables_rowset2	-15826800	4	P	SQL_STORED_PROCEDURE	2026-08-27T10:22:27.470	2026-08-27T10:22:27.473
sp_addmergepullsubscription	-15662418	4	P	SQL_STORED_PROCEDURE	2026-08-27T10:22:37.390	2026-08-27T10:23:02.637
dm_xe_object_columns	-15626663	4	V	VIEW	2026-08-27T10:21:48.123	2026-08-27T10:21:48.127
sp_resyncmergesubscription	-15558629	4	P	SQL_STORED_PROCEDURE	2026-08-27T10:22:36.967	2026-08-27T10:22:38.583
sp_MSenumthirdpartypublicationvendornames	-15416539	4	P	SQL_STORED_PROCEDURE	2026-08-27T10:22:37.237	2026-08-27T10:23:02.430
sp_override_dw_session_configuration	-15316218	4	X	EXTENDED_STORED_PROCEDURE	2026-08-27T10:22:12.643	2026-08-27T10:22:12.647
sp_db_gb18030_unicode_collations	-14979079	4	P	SQL_STORED_PROCEDURE	2026-08-27T10:21:39.767	2026-08-27T10:21:39.770
sp_addmergelogsettings	-14715688	4	P	SQL_STORED_PROCEDURE	2026-08-27T10:22:54.730	2026-08-27T10:22:54.733
sp_replincrementlsn	-14286930	4	P	SQL_STORED_PROCEDURE	2026-08-27T10:22:40.437	2026-08-27T10:22:40.647
sp_MSadd_merge_history	-13621946	4	P	SQL_STORED_PROCEDURE	2026-08-27T10:22:45.117	2026-08-27T10:23:10.037
sp_helppeerresponses	-13439803	4	P	SQL_STORED_PROCEDURE	2026-08-27T10:22:43.347	2026-08-27T10:22:43.560
dm_db_xtp_transactions	-12883407	4	V	VIEW	2026-08-27T10:23:45.373	2026-08-27T10:23:45.383
sp_fido_execute_graph_request	-11125251	4	X	EXTENDED_STORED_PROCEDURE	2026-08-27T10:22:10.790	2026-08-27T10:22:10.793
sp_MSenum_merge_agent_properties	-11088070	4	P	SQL_STORED_PROCEDURE	2026-08-27T10:22:45.290	2026-08-27T10:23:10.343
sp_columns	-10461767	4	P	SQL_STORED_PROCEDURE	2026-08-27T10:22:26.973	2026-08-27T10:22:26.977
sp_MSgetlastsentgen	-9628014	4	P	SQL_STORED_PROCEDURE	2026-08-27T10:22:56.437	2026-08-27T10:23:15.370
sp_create_format_type	-9233517	4	X	EXTENDED_STORED_PROCEDURE	2026-08-27T10:22:12.557	2026-08-27T10:22:12.560
sp_MShelpfulltextscript	-9049720	4	P	SQL_STORED_PROCEDURE	2026-08-27T10:23:30.403	2026-08-27T10:23:30.433
sp_objectfilegroup	-8414153	4	P	SQL_STORED_PROCEDURE	2026-08-27T10:21:48.310	2026-08-27T10:21:48.650
sp_publication_validation	-8272502	4	P	SQL_STORED_PROCEDURE	2026-08-27T10:22:42.977	2026-08-27T10:22:43.537
sp_MSgetalertinfo	-6695601	4	P	SQL_STORED_PROCEDURE	2026-08-27T10:23:30.457	2026-08-27T10:23:30.460
sp_changesubscription	-6519278	4	P	SQL_STORED_PROCEDURE	2026-08-27T10:22:42.100	2026-08-27T10:22:43.533
sp_refresh_single_snapshot_view	-6234926	4	P	SQL_STORED_PROCEDURE	2026-08-27T10:22:21.347	2026-08-27T10:22:21.350
sp_FuzzyLookupTableMaintenanceInvoke	-5945516	4	PC	CLR_STORED_PROCEDURE	2026-08-27T10:23:23.493	2026-08-27T10:23:23.497
fn_cdc_has_column_changed	-5287967	4	FN	SQL_SCALAR_FUNCTION	2026-08-27T10:22:48.567	2026-08-27T10:23:08.490
dm_clr_loaded_assemblies	-4281319	4	V	VIEW	2026-08-27T10:21:48.143	2026-08-27T10:21:48.147
sp_get_query_template	-3085431	4	X	EXTENDED_STORED_PROCEDURE	2026-08-27T10:21:51.093	2026-08-27T10:21:51.153
sp_helpmergedeleteconflictrows	-2490518	4	P	SQL_STORED_PROCEDURE	2026-08-27T10:22:54.917	2026-08-27T10:23:13.827
sp_syspolicy_subscribe_to_policy_category	-2272751	4	P	SQL_STORED_PROCEDURE	2026-08-27T10:22:31.487	2026-08-27T10:22:31.590
sp_replrestart	-2149157	4	P	SQL_STORED_PROCEDURE	2026-08-27T10:22:42.987	2026-08-27T10:23:06.600
fn_numberOf1InVarBinary	-510634	4	FN	SQL_SCALAR_FUNCTION	2026-08-27T10:22:57.233	2026-08-27T10:22:57.237
sp_MSdistpublisher_cleanup	-233497	4	P	SQL_STORED_PROCEDURE	2026-08-27T10:22:45.237	2026-08-27T10:22:45.597
sp_change_agent_profile	-190414	4	P	SQL_STORED_PROCEDURE	2026-08-27T10:22:40.250	2026-08-27T10:22:40.647
sp_MSgetmakegenerationapplock_90	-66009	4	P	SQL_STORED_PROCEDURE	2026-08-27T10:22:52.517	2026-08-27T10:23:12.030
sp_MSrefresh_anonymous	-35445	4	P	SQL_STORED_PROCEDURE	2026-08-27T10:22:45.277	2026-08-27T10:23:10.323
json_indexes	-686	4	V	VIEW	2026-08-27T10:21:26.673	2026-08-27T10:21:26.677
vector_indexes	-685	4	V	VIEW	2026-08-27T10:21:26.677	2026-08-27T10:21:26.680
information_protection_label_mapping	-684	4	V	VIEW	2026-08-27T10:21:27.240	2026-08-27T10:21:27.243
external_models	-683	4	V	VIEW	2026-08-27T10:21:27.220	2026-08-27T10:21:27.223
json_index_paths	-682	4	V	VIEW	2026-08-27T10:21:26.670	2026-08-27T10:21:26.673
external_governance_sensitivity_labels_mapping	-674	4	V	VIEW	2026-08-27T10:21:27.023	2026-08-27T10:21:27.027
external_governance_classifications_mapping	-673	4	V	VIEW	2026-08-27T10:21:27.020	2026-08-27T10:21:27.023
external_governance_sensitivity_labels	-672	4	V	VIEW	2026-08-27T10:21:27.020	2026-08-27T10:21:27.023
external_governance_classifications	-671	4	V	VIEW	2026-08-27T10:21:27.017	2026-08-27T10:21:27.020
dm_external_provider_certificate_info	-670	4	V	VIEW	2026-08-27T10:21:35.093	2026-08-27T10:21:35.097
external_table_schema_changed_mdsync	-669	4	V	VIEW	2026-08-27T10:21:27.243	2026-08-27T10:21:27.247
external_governance_classification_attributes	-666	4	V	VIEW	2026-08-27T10:21:27.027	2026-08-27T10:21:27.030
external_governance_sensitivity_classifications	-665	4	V	VIEW	2026-08-27T10:21:27.013	2026-08-27T10:21:27.017
database_automatic_tuning_configurations	-664	4	V	VIEW	2026-08-27T10:22:22.433	2026-08-27T10:22:22.437
query_store_plan_forcing_locations	-662	4	V	VIEW	2026-08-27T10:22:13.837	2026-08-27T10:22:13.840
query_store_replicas	-660	4	V	VIEW	2026-08-27T10:22:13.837	2026-08-27T10:22:13.840
external_table_partitioning_columns	-657	4	V	VIEW	2026-08-27T10:21:27.243	2026-08-27T10:21:27.247
query_store_query_variant	-642	4	V	VIEW	2026-08-27T10:22:13.783	2026-08-27T10:22:13.787
query_store_plan_feedback	-632	4	V	VIEW	2026-08-27T10:22:13.780	2026-08-27T10:22:13.783
ledger_column_history	-631	4	V	VIEW	2026-08-27T10:21:27.240	2026-08-27T10:21:27.243
ledger_table_history	-630	4	V	VIEW	2026-08-27T10:21:27.237	2026-08-27T10:21:27.240
database_ledger_digest_locations	-629	4	V	VIEW	2026-08-27T10:21:48.757	2026-08-27T10:21:48.760
external_job_streams	-625	4	V	VIEW	2026-08-27T10:21:27.233	2026-08-27T10:21:27.237
external_streaming_jobs	-624	4	V	VIEW	2026-08-27T10:21:27.230	2026-08-27T10:21:27.233
external_stream_columns	-623	4	V	VIEW	2026-08-27T10:21:27.230	2026-08-27T10:21:27.233
external_streams	-622	4	V	VIEW	2026-08-27T10:21:27.227	2026-08-27T10:21:27.230
database_ledger_blocks	-621	4	V	VIEW	2026-08-27T10:21:48.743	2026-08-27T10:21:48.747
database_ledger_transactions	-620	4	V	VIEW	2026-08-27T10:21:48.740	2026-08-27T10:21:48.743
query_store_query_hints	-617	4	V	VIEW	2026-08-27T10:22:13.770	2026-08-27T10:22:13.777
external_table_columns	-615	4	V	VIEW	2026-08-27T10:21:27.223	2026-08-27T10:21:27.227
external_languages	-614	4	V	VIEW	2026-08-27T10:21:27.217	2026-08-27T10:21:27.220
external_language_files	-613	4	V	VIEW	2026-08-27T10:21:27.223	2026-08-27T10:21:27.227
external_library_setup_errors	-606	4	V	VIEW	2026-08-27T10:21:27.217	2026-08-27T10:21:27.220
external_libraries_installed	-605	4	V	VIEW	2026-08-27T10:25:16.457	2026-08-27T10:25:16.460
sensitivity_classifications	-603	4	V	VIEW	2026-08-27T10:21:27.010	2026-08-27T10:21:27.013
edge_constraint_clauses	-602	4	V	VIEW	2026-08-27T10:21:26.723	2026-08-27T10:21:26.727
edge_constraints	-601	4	V	VIEW	2026-08-27T10:21:26.720	2026-08-27T10:21:26.723
dm_distributed_exchange_stats	-600	4	V	VIEW	2026-08-27T10:22:10.800	2026-08-27T10:22:10.803
database_automatic_tuning_mode	-599	4	V	VIEW	2026-08-27T10:21:27.213	2026-08-27T10:21:27.217
database_automatic_tuning_options	-598	4	V	VIEW	2026-08-27T10:21:27.210	2026-08-27T10:21:27.213
query_store_wait_stats	-596	4	V	VIEW	2026-08-27T10:22:13.833	2026-08-27T10:22:13.840
external_library_files	-589	4	V	VIEW	2026-08-27T10:21:27.197	2026-08-27T10:21:27.200
external_libraries	-588	4	V	VIEW	2026-08-27T10:21:27.193	2026-08-27T10:21:27.197
index_resumable_operations	-587	4	V	VIEW	2026-08-27T10:21:27.190	2026-08-27T10:21:27.193
dm_db_column_store_row_group_physical_stats	-586	4	V	VIEW	2026-08-27T10:21:48.560	2026-08-27T10:21:48.563
database_scoped_configurations	-582	4	V	VIEW	2026-08-27T10:21:27.190	2026-08-27T10:21:27.193
time_zone_info	-580	4	V	VIEW	2026-08-27T10:21:27.190	2026-08-27T10:21:27.193
database_scoped_credentials	-572	4	V	VIEW	2026-08-27T10:21:26.907	2026-08-27T10:21:26.910
masked_columns	-571	4	V	VIEW	2026-08-27T10:21:26.650	2026-08-27T10:21:26.653
internal_partitions	-570	4	V	VIEW	2026-08-27T10:21:26.920	2026-08-27T10:21:26.923
database_credentials	-569	4	V	VIEW	2026-08-27T10:21:26.903	2026-08-27T10:21:26.907
remote_data_archive_tables	-568	4	V	VIEW	2026-08-27T10:21:27.187	2026-08-27T10:21:27.190
remote_data_archive_databases	-567	4	V	VIEW	2026-08-27T10:21:27.183	2026-08-27T10:21:27.187
external_file_formats	-566	4	V	VIEW	2026-08-27T10:21:27.043	2026-08-27T10:21:27.050
external_data_sources	-565	4	V	VIEW	2026-08-27T10:21:27.047	2026-08-27T10:21:27.053
column_encryption_key_values	-564	4	V	VIEW	2026-08-27T10:21:27.183	2026-08-27T10:21:27.187
column_encryption_keys	-563	4	V	VIEW	2026-08-27T10:21:27.180	2026-08-27T10:21:27.183
column_master_keys	-562	4	V	VIEW	2026-08-27T10:21:27.180	2026-08-27T10:21:27.183
periods	-561	4	V	VIEW	2026-08-27T10:21:27.177	2026-08-27T10:21:27.180
memory_optimized_tables_internal_attributes	-560	4	V	VIEW	2026-08-27T10:23:45.627	2026-08-27T10:23:45.630
external_tables	-559	4	V	VIEW	2026-08-27T10:21:27.050	2026-08-27T10:21:27.057
security_predicates	-558	4	V	VIEW	2026-08-27T10:21:27.173	2026-08-27T10:21:27.177
security_policies	-557	4	V	VIEW	2026-08-27T10:21:27.173	2026-08-27T10:21:27.177
column_store_row_groups	-551	4	V	VIEW	2026-08-27T10:21:48.560	2026-08-27T10:21:48.563
selective_xml_index_namespaces	-550	4	V	VIEW	2026-08-27T10:21:26.663	2026-08-27T10:21:26.667
selective_xml_index_paths	-549	4	V	VIEW	2026-08-27T10:21:26.660	2026-08-27T10:21:26.663
query_store_runtime_stats_interval	-541	4	V	VIEW	2026-08-27T10:22:13.820	2026-08-27T10:22:13.827
query_store_runtime_stats	-540	4	V	VIEW	2026-08-27T10:22:13.813	2026-08-27T10:22:13.820
query_store_query_text	-539	4	V	VIEW	2026-08-27T10:22:13.750	2026-08-27T10:22:13.753
query_store_query	-538	4	V	VIEW	2026-08-27T10:22:13.767	2026-08-27T10:22:13.770
query_store_plan	-537	4	V	VIEW	2026-08-27T10:22:13.793	2026-08-27T10:22:13.797
query_context_settings	-536	4	V	VIEW	2026-08-27T10:22:13.797	2026-08-27T10:22:13.803
hash_indexes	-535	4	V	VIEW	2026-08-27T10:23:45.597	2026-08-27T10:23:45.600
column_store_dictionaries	-519	4	V	VIEW	2026-08-27T10:21:27.060	2026-08-27T10:21:27.063
column_store_segments	-518	4	V	VIEW	2026-08-27T10:21:27.053	2026-08-27T10:21:27.060
filetable_system_defined_objects	-517	4	V	VIEW	2026-08-27T10:21:27.170	2026-08-27T10:21:27.173
filetables	-516	4	V	VIEW	2026-08-27T10:21:27.167	2026-08-27T10:21:27.170
sequences	-515	4	V	VIEW	2026-08-27T10:21:26.887	2026-08-27T10:21:26.890
registered_search_properties	-514	4	V	VIEW	2026-08-27T10:21:26.707	2026-08-27T10:21:26.710
registered_search_property_lists	-513	4	V	VIEW	2026-08-27T10:21:26.710	2026-08-27T10:21:26.713
fulltext_stopwords	-505	4	V	VIEW	2026-08-27T10:21:26.703	2026-08-27T10:21:26.707
fulltext_stoplists	-504	4	V	VIEW	2026-08-27T10:21:26.707	2026-08-27T10:21:26.710
fulltext_index_fragments	-503	4	V	VIEW	2026-08-27T10:21:26.710	2026-08-27T10:21:26.713
database_audit_specification_details	-502	4	V	VIEW	2026-08-27T10:21:27.043	2026-08-27T10:21:27.047
database_audit_specifications	-501	4	V	VIEW	2026-08-27T10:21:27.040	2026-08-27T10:21:27.043
conversation_priorities	-500	4	V	VIEW	2026-08-27T10:21:27.153	2026-08-27T10:21:27.157
change_tracking_tables	-499	4	V	VIEW	2026-08-27T10:21:26.640	2026-08-27T10:21:26.643
spatial_index_tessellations	-498	4	V	VIEW	2026-08-27T10:21:26.670	2026-08-27T10:21:26.673
spatial_indexes	-497	4	V	VIEW	2026-08-27T10:21:26.663	2026-08-27T10:21:26.667
function_order_columns	-496	4	V	VIEW	2026-08-27T10:21:26.680	2026-08-27T10:21:26.683
sql_expression_dependencies	-495	4	V	VIEW	2026-08-27T10:21:27.007	2026-08-27T10:21:27.010
table_types	-494	4	V	VIEW	2026-08-27T10:21:26.767	2026-08-27T10:21:26.770
system_sql_modules	-489	4	V	VIEW	2026-08-27T10:21:26.623	2026-08-27T10:21:26.627
system_internals_allocation_units	-488	4	V	VIEW	2026-08-27T10:21:27.147	2026-08-27T10:21:27.150
system_internals_partition_columns	-487	4	V	VIEW	2026-08-27T10:21:27.143	2026-08-27T10:21:27.147
system_internals_partitions	-486	4	V	VIEW	2026-08-27T10:21:27.140	2026-08-27T10:21:27.143
plan_guides	-485	4	V	VIEW	2026-08-27T10:21:27	2026-08-27T10:21:27.003
module_assembly_usages	-484	4	V	VIEW	2026-08-27T10:21:26.750	2026-08-27T10:21:26.753
type_assembly_usages	-483	4	V	VIEW	2026-08-27T10:21:26.770	2026-08-27T10:21:26.773
fulltext_index_catalog_usages	-482	4	V	VIEW	2026-08-27T10:21:26.693	2026-08-27T10:21:26.697
service_queue_usages	-481	4	V	VIEW	2026-08-27T10:21:26.803	2026-08-27T10:21:26.807
parameter_type_usages	-480	4	V	VIEW	2026-08-27T10:21:26.593	2026-08-27T10:21:26.597
column_type_usages	-479	4	V	VIEW	2026-08-27T10:21:26.587	2026-08-27T10:21:26.590
message_type_xml_schema_collection_usages	-478	4	V	VIEW	2026-08-27T10:21:26.797	2026-08-27T10:21:26.800
parameter_xml_schema_collection_usages	-477	4	V	VIEW	2026-08-27T10:21:26.590	2026-08-27T10:21:26.593
column_xml_schema_collection_usages	-476	4	V	VIEW	2026-08-27T10:21:26.583	2026-08-27T10:21:26.587
asymmetric_keys	-469	4	V	VIEW	2026-08-27T10:21:26.993	2026-08-27T10:21:26.997
internal_tables	-468	4	V	VIEW	2026-08-27T10:21:26.637	2026-08-27T10:21:26.640
certificates	-467	4	V	VIEW	2026-08-27T10:21:26.987	2026-08-27T10:21:26.990
crypt_properties	-466	4	V	VIEW	2026-08-27T10:21:26.997	2026-08-27T10:21:27
key_encryptions	-465	4	V	VIEW	2026-08-27T10:21:26.997	2026-08-27T10:21:27
symmetric_keys	-464	4	V	VIEW	2026-08-27T10:21:26.990	2026-08-27T10:21:26.993
xml_schema_collections	-463	4	V	VIEW	2026-08-27T10:21:26.947	2026-08-27T10:21:26.950
transmission_queue	-462	4	V	VIEW	2026-08-27T10:21:26.977	2026-08-27T10:21:26.980
routes	-461	4	V	VIEW	2026-08-27T10:21:26.973	2026-08-27T10:21:26.977
remote_service_bindings	-460	4	V	VIEW	2026-08-27T10:21:26.970	2026-08-27T10:21:26.973
xml_schema_component_placements	-459	4	V	VIEW	2026-08-27T10:21:26.970	2026-08-27T10:21:26.973
xml_schema_wildcard_namespaces	-458	4	V	VIEW	2026-08-27T10:21:26.967	2026-08-27T10:21:26.970
xml_schema_wildcards	-457	4	V	VIEW	2026-08-27T10:21:26.963	2026-08-27T10:21:26.967
xml_schema_attributes	-456	4	V	VIEW	2026-08-27T10:21:26.963	2026-08-27T10:21:26.967
xml_schema_model_groups	-455	4	V	VIEW	2026-08-27T10:21:26.960	2026-08-27T10:21:26.963
xml_schema_elements	-454	4	V	VIEW	2026-08-27T10:21:26.957	2026-08-27T10:21:26.960
xml_schema_facets	-453	4	V	VIEW	2026-08-27T10:21:26.957	2026-08-27T10:21:26.960
xml_schema_types	-452	4	V	VIEW	2026-08-27T10:21:26.953	2026-08-27T10:21:26.957
xml_schema_components	-451	4	V	VIEW	2026-08-27T10:21:26.950	2026-08-27T10:21:26.953
xml_schema_namespaces	-450	4	V	VIEW	2026-08-27T10:21:26.950	2026-08-27T10:21:26.953
extended_properties	-449	4	V	VIEW	2026-08-27T10:21:26.923	2026-08-27T10:21:26.927
database_files	-448	4	V	VIEW	2026-08-27T10:21:26.913	2026-08-27T10:21:26.917
conversation_endpoints	-447	4	V	VIEW	2026-08-27T10:21:26.810	2026-08-27T10:21:26.813
conversation_groups	-446	4	V	VIEW	2026-08-27T10:21:26.810	2026-08-27T10:21:26.813
service_contract_usages	-445	4	V	VIEW	2026-08-27T10:21:26.807	2026-08-27T10:21:26.810
services	-444	4	V	VIEW	2026-08-27T10:21:26.800	2026-08-27T10:21:26.803
service_contract_message_usages	-443	4	V	VIEW	2026-08-27T10:21:26.800	2026-08-27T10:21:26.803
service_contracts	-442	4	V	VIEW	2026-08-27T10:21:26.800	2026-08-27T10:21:26.803
service_message_types	-441	4	V	VIEW	2026-08-27T10:21:26.793	2026-08-27T10:21:26.797
fulltext_catalogs	-440	4	V	VIEW	2026-08-27T10:21:26.790	2026-08-27T10:21:26.793
destination_data_spaces	-439	4	V	VIEW	2026-08-27T10:21:26.787	2026-08-27T10:21:26.790
partition_schemes	-438	4	V	VIEW	2026-08-27T10:21:26.787	2026-08-27T10:21:26.790
filegroups	-437	4	V	VIEW	2026-08-27T10:21:26.783	2026-08-27T10:21:26.787
data_spaces	-436	4	V	VIEW	2026-08-27T10:21:26.783	2026-08-27T10:21:26.787
partition_range_values	-435	4	V	VIEW	2026-08-27T10:21:26.780	2026-08-27T10:21:26.783
partition_parameters	-434	4	V	VIEW	2026-08-27T10:21:26.780	2026-08-27T10:21:26.783
partition_functions	-433	4	V	VIEW	2026-08-27T10:21:26.777	2026-08-27T10:21:26.780
assembly_references	-432	4	V	VIEW	2026-08-27T10:21:26.777	2026-08-27T10:21:26.780
assembly_files	-431	4	V	VIEW	2026-08-27T10:21:26.773	2026-08-27T10:21:26.777
assemblies	-430	4	V	VIEW	2026-08-27T10:21:26.770	2026-08-27T10:21:26.773
database_permissions	-429	4	V	VIEW	2026-08-27T10:21:26.927	2026-08-27T10:21:26.930
database_role_members	-428	4	V	VIEW	2026-08-27T10:21:26.897	2026-08-27T10:21:26.900
database_principals	-426	4	V	VIEW	2026-08-27T10:21:26.890	2026-08-27T10:21:26.897
schemas	-425	4	V	VIEW	2026-08-27T10:21:26.883	2026-08-27T10:21:26.887
assembly_types	-424	4	V	VIEW	2026-08-27T10:21:26.767	2026-08-27T10:21:26.770
types	-423	4	V	VIEW	2026-08-27T10:21:26.763	2026-08-27T10:21:26.767
sql_dependencies	-422	4	V	VIEW	2026-08-27T10:21:26.757	2026-08-27T10:21:26.760
service_queues	-421	4	V	VIEW	2026-08-27T10:21:26.803	2026-08-27T10:21:26.807
synonyms	-420	4	V	VIEW	2026-08-27T10:21:26.883	2026-08-27T10:21:26.887
numbered_procedure_parameters	-419	4	V	VIEW	2026-08-27T10:21:26.753	2026-08-27T10:21:26.757
numbered_procedures	-418	4	V	VIEW	2026-08-27T10:21:26.753	2026-08-27T10:21:26.757
assembly_modules	-417	4	V	VIEW	2026-08-27T10:21:26.747	2026-08-27T10:21:26.750
sql_modules	-416	4	V	VIEW	2026-08-27T10:21:26.600	2026-08-27T10:21:26.603
trigger_events	-415	4	V	VIEW	2026-08-27T10:21:26.740	2026-08-27T10:21:26.743
events	-414	4	V	VIEW	2026-08-27T10:21:26.737	2026-08-27T10:21:26.740
event_notifications	-413	4	V	VIEW	2026-08-27T10:21:26.733	2026-08-27T10:21:26.737
triggers	-412	4	V	VIEW	2026-08-27T10:21:26.730	2026-08-27T10:21:26.733
procedures	-411	4	V	VIEW	2026-08-27T10:21:26.727	2026-08-27T10:21:26.730
foreign_key_columns	-410	4	V	VIEW	2026-08-27T10:21:26.720	2026-08-27T10:21:26.723
foreign_keys	-409	4	V	VIEW	2026-08-27T10:21:26.720	2026-08-27T10:21:26.723
default_constraints	-408	4	V	VIEW	2026-08-27T10:21:26.717	2026-08-27T10:21:26.720
check_constraints	-407	4	V	VIEW	2026-08-27T10:21:26.713	2026-08-27T10:21:26.717
key_constraints	-406	4	V	VIEW	2026-08-27T10:21:26.710	2026-08-27T10:21:26.713
fulltext_index_columns	-405	4	V	VIEW	2026-08-27T10:21:26.693	2026-08-27T10:21:26.697
fulltext_indexes	-404	4	V	VIEW	2026-08-27T10:21:26.690	2026-08-27T10:21:26.693
stats_columns	-403	4	V	VIEW	2026-08-27T10:21:26.687	2026-08-27T10:21:26.690
stats	-402	4	V	VIEW	2026-08-27T10:21:26.687	2026-08-27T10:21:26.690
index_columns	-401	4	V	VIEW	2026-08-27T10:21:26.680	2026-08-27T10:21:26.683
allocation_units	-400	4	V	VIEW	2026-08-27T10:21:26.920	2026-08-27T10:21:26.923
partitions	-399	4	V	VIEW	2026-08-27T10:21:26.917	2026-08-27T10:21:26.920
xml_indexes	-398	4	V	VIEW	2026-08-27T10:21:26.657	2026-08-27T10:21:26.660
indexes	-397	4	V	VIEW	2026-08-27T10:21:26.653	2026-08-27T10:21:26.657
identity_columns	-396	4	V	VIEW	2026-08-27T10:21:26.647	2026-08-27T10:21:26.650
computed_columns	-395	4	V	VIEW	2026-08-27T10:21:26.643	2026-08-27T10:21:26.647
system_parameters	-394	4	V	VIEW	2026-08-27T10:21:26.613	2026-08-27T10:21:26.617
parameters	-393	4	V	VIEW	2026-08-27T10:21:26.590	2026-08-27T10:21:26.593
system_columns	-392	4	V	VIEW	2026-08-27T10:21:26.610	2026-08-27T10:21:26.613
columns	-391	4	V	VIEW	2026-08-27T10:21:26.577	2026-08-27T10:21:26.583
system_views	-390	4	V	VIEW	2026-08-27T10:21:26.620	2026-08-27T10:21:26.623
system_objects	-389	4	V	VIEW	2026-08-27T10:21:26.613	2026-08-27T10:21:26.617
extended_procedures	-388	4	V	VIEW	2026-08-27T10:21:26.980	2026-08-27T10:21:26.983
views	-387	4	V	VIEW	2026-08-27T10:21:26.593	2026-08-27T10:21:26.597
tables	-386	4	V	VIEW	2026-08-27T10:21:26.633	2026-08-27T10:21:26.637
objects	-385	4	V	VIEW	2026-08-27T10:21:26.530	2026-08-27T10:21:26.533
resource_governor_external_resource_pool_affinity	-269	4	V	VIEW	2026-08-27T10:21:27.070	2026-08-27T10:21:27.073
resource_governor_external_resource_pools	-268	4	V	VIEW	2026-08-27T10:21:27.067	2026-08-27T10:21:27.070
resource_governor_resource_pool_affinity	-266	4	V	VIEW	2026-08-27T10:21:27.070	2026-08-27T10:21:27.073
database_filestream_options	-265	4	V	VIEW	2026-08-27T10:21:27.167	2026-08-27T10:21:27.170
fulltext_semantic_language_statistics_database	-264	4	V	VIEW	2026-08-27T10:21:26.700	2026-08-27T10:21:26.703
server_audit_specification_details	-262	4	V	VIEW	2026-08-27T10:21:27.040	2026-08-27T10:21:27.043
server_audit_specifications	-261	4	V	VIEW	2026-08-27T10:21:27.037	2026-08-27T10:21:27.040
server_file_audits	-260	4	V	VIEW	2026-08-27T10:21:27.033	2026-08-27T10:21:27.037
server_audits	-259	4	V	VIEW	2026-08-27T10:21:27.030	2026-08-27T10:21:27.033
change_tracking_databases	-258	4	V	VIEW	2026-08-27T10:21:26.877	2026-08-27T10:21:26.880
server_principal_credentials	-257	4	V	VIEW	2026-08-27T10:21:26.927	2026-08-27T10:21:26.930
cryptographic_providers	-256	4	V	VIEW	2026-08-27T10:21:26.983	2026-08-27T10:21:26.987
resource_governor_resource_pools	-255	4	V	VIEW	2026-08-27T10:21:27.067	2026-08-27T10:21:27.070
resource_governor_workload_groups	-254	4	V	VIEW	2026-08-27T10:21:27.073	2026-08-27T10:21:27.077
resource_governor_configuration	-253	4	V	VIEW	2026-08-27T10:21:27.063	2026-08-27T10:21:27.067
server_event_sessions	-252	4	V	VIEW	2026-08-27T10:21:27.157	2026-08-27T10:21:27.160
server_event_session_targets	-251	4	V	VIEW	2026-08-27T10:21:27.160	2026-08-27T10:21:27.163
server_event_session_fields	-250	4	V	VIEW	2026-08-27T10:21:27.163	2026-08-27T10:21:27.167
server_event_session_events	-249	4	V	VIEW	2026-08-27T10:21:27.160	2026-08-27T10:21:27.163
server_event_session_actions	-248	4	V	VIEW	2026-08-27T10:21:27.163	2026-08-27T10:21:27.167
master_key_passwords	-243	4	V	VIEW	2026-08-27T10:21:26.930	2026-08-27T10:21:26.933
database_recovery_status	-242	4	V	VIEW	2026-08-27T10:21:26.880	2026-08-27T10:21:26.883
database_mirroring	-241	4	V	VIEW	2026-08-27T10:21:26.880	2026-08-27T10:21:26.883
credentials	-240	4	V	VIEW	2026-08-27T10:21:26.900	2026-08-27T10:21:26.903
server_assembly_modules	-239	4	V	VIEW	2026-08-27T10:21:26.750	2026-08-27T10:21:26.753
server_sql_modules	-238	4	V	VIEW	2026-08-27T10:21:26.743	2026-08-27T10:21:26.747
server_trigger_events	-237	4	V	VIEW	2026-08-27T10:21:26.743	2026-08-27T10:21:26.747
server_triggers	-236	4	V	VIEW	2026-08-27T10:21:26.730	2026-08-27T10:21:26.733
database_mirroring_endpoints	-235	4	V	VIEW	2026-08-27T10:21:26.830	2026-08-27T10:21:26.833
server_events	-234	4	V	VIEW	2026-08-27T10:21:26.740	2026-08-27T10:21:26.743
server_event_notifications	-233	4	V	VIEW	2026-08-27T10:21:26.737	2026-08-27T10:21:26.740
endpoint_webmethods	-232	4	V	VIEW	2026-08-27T10:21:26.830	2026-08-27T10:21:26.833
service_broker_endpoints	-231	4	V	VIEW	2026-08-27T10:21:26.827	2026-08-27T10:21:26.830
soap_endpoints	-230	4	V	VIEW	2026-08-27T10:21:26.823	2026-08-27T10:21:26.827
via_endpoints	-229	4	V	VIEW	2026-08-27T10:21:26.820	2026-08-27T10:21:26.823
tcp_endpoints	-228	4	V	VIEW	2026-08-27T10:21:26.820	2026-08-27T10:21:26.823
http_endpoints	-227	4	V	VIEW	2026-08-27T10:21:26.817	2026-08-27T10:21:26.820
endpoints	-226	4	V	VIEW	2026-08-27T10:21:26.813	2026-08-27T10:21:26.817
messages	-225	4	V	VIEW	2026-08-27T10:21:26.793	2026-08-27T10:21:26.797
configurations	-224	4	V	VIEW	2026-08-27T10:21:26.837	2026-08-27T10:21:26.840
sql_logins	-223	4	V	VIEW	2026-08-27T10:21:26.973	2026-08-27T10:21:26.977
linked_logins	-222	4	V	VIEW	2026-08-27T10:21:26.947	2026-08-27T10:21:26.950
remote_logins	-221	4	V	VIEW	2026-08-27T10:21:26.943	2026-08-27T10:21:26.947
servers	-220	4	V	VIEW	2026-08-27T10:21:26.940	2026-08-27T10:21:26.943
server_permissions	-219	4	V	VIEW	2026-08-27T10:21:26.940	2026-08-27T10:21:26.943
server_role_members	-218	4	V	VIEW	2026-08-27T10:21:26.937	2026-08-27T10:21:26.940
server_principals	-217	4	V	VIEW	2026-08-27T10:21:26.930	2026-08-27T10:21:26.937
master_files	-216	4	V	VIEW	2026-08-27T10:21:26.910	2026-08-27T10:21:26.913
backup_devices	-215	4	V	VIEW	2026-08-27T10:21:26.900	2026-08-27T10:21:26.903
database_mirroring_witnesses	-214	4	V	VIEW	2026-08-27T10:21:26.897	2026-08-27T10:21:26.900
databases	-213	4	V	VIEW	2026-08-27T10:21:26.873	2026-08-27T10:21:26.877
sysservers	-212	4	V	VIEW	2026-08-27T10:21:27.123	2026-08-27T10:21:27.127
sysremotelogins	-211	4	V	VIEW	2026-08-27T10:21:27.127	2026-08-27T10:21:27.130
sysprocesses	-210	4	V	VIEW	2026-08-27T10:21:51.103	2026-08-27T10:21:51.157
sysperfinfo	-209	4	V	VIEW	2026-08-27T10:21:51	2026-08-27T10:21:51.003
sysopentapes	-208	4	V	VIEW	2026-08-27T10:21:48.263	2026-08-27T10:21:48.267
sysoledbusers	-207	4	V	VIEW	2026-08-27T10:21:27.130	2026-08-27T10:21:27.133
sysmessages	-206	4	V	VIEW	2026-08-27T10:21:27.130	2026-08-27T10:21:27.133
syslogins	-205	4	V	VIEW	2026-08-27T10:21:27.120	2026-08-27T10:21:27.123
syslockinfo	-204	4	V	VIEW	2026-08-27T10:21:48.260	2026-08-27T10:21:48.263
sysdevices	-203	4	V	VIEW	2026-08-27T10:21:27.140	2026-08-27T10:21:27.143
sysdatabases	-202	4	V	VIEW	2026-08-27T10:21:27.077	2026-08-27T10:21:27.080
syscursortables	-201	4	V	VIEW	2026-08-27T10:21:51.067	2026-08-27T10:21:51.070
syscursors	-200	4	V	VIEW	2026-08-27T10:21:51.063	2026-08-27T10:21:51.067
syscursorrefs	-199	4	V	VIEW	2026-08-27T10:21:51.063	2026-08-27T10:21:51.067
syscursorcolumns	-198	4	V	VIEW	2026-08-27T10:21:51.067	2026-08-27T10:21:51.070
syscurconfigs	-197	4	V	VIEW	2026-08-27T10:21:27.133	2026-08-27T10:21:27.137
sysconfigures	-196	4	V	VIEW	2026-08-27T10:21:27.133	2026-08-27T10:21:27.137
syscharsets	-195	4	V	VIEW	2026-08-27T10:21:26.863	2026-08-27T10:21:26.873
syslanguages	-194	4	V	VIEW	2026-08-27T10:21:26.860	2026-08-27T10:21:26.883
syscacheobjects	-193	4	V	VIEW	2026-08-27T10:21:51.053	2026-08-27T10:21:51.057
sysaltfiles	-192	4	V	VIEW	2026-08-27T10:21:27.080	2026-08-27T10:21:27.083
sysfiles	-143	4	V	VIEW	2026-08-27T10:21:27.113	2026-08-27T10:21:27.117
sysfilegroups	-142	4	V	VIEW	2026-08-27T10:21:27.087	2026-08-27T10:21:27.090
sysmembers	-141	4	V	VIEW	2026-08-27T10:21:27.103	2026-08-27T10:21:27.107
sysusers	-140	4	V	VIEW	2026-08-27T10:21:27.083	2026-08-27T10:21:27.087
systypes	-139	4	V	VIEW	2026-08-27T10:21:27.090	2026-08-27T10:21:27.093
sysreferences	-138	4	V	VIEW	2026-08-27T10:21:27.100	2026-08-27T10:21:27.103
sysprotects	-137	4	V	VIEW	2026-08-27T10:21:27.107	2026-08-27T10:21:27.110
syspermissions	-136	4	V	VIEW	2026-08-27T10:21:27.110	2026-08-27T10:21:27.113
sysindexkeys	-135	4	V	VIEW	2026-08-27T10:21:27.097	2026-08-27T10:21:27.100
sysindexes	-134	4	V	VIEW	2026-08-27T10:21:27.093	2026-08-27T10:21:27.097
sysfulltextcatalogs	-133	4	V	VIEW	2026-08-27T10:21:27.110	2026-08-27T10:21:27.113
sysconstraints	-132	4	V	VIEW	2026-08-27T10:21:27.080	2026-08-27T10:21:27.083
sysforeignkeys	-131	4	V	VIEW	2026-08-27T10:21:27.090	2026-08-27T10:21:27.093
sysdepends	-130	4	V	VIEW	2026-08-27T10:21:27.103	2026-08-27T10:21:27.107
syscomments	-129	4	V	VIEW	2026-08-27T10:21:27.117	2026-08-27T10:21:27.120
all_sql_modules	-107	4	V	VIEW	2026-08-27T10:21:26.627	2026-08-27T10:21:26.630
syscolumns	-106	4	V	VIEW	2026-08-27T10:21:26.563	2026-08-27T10:21:26.567
sysobjects	-105	4	V	VIEW	2026-08-27T10:21:26.533	2026-08-27T10:21:26.537
all_parameters	-104	4	V	VIEW	2026-08-27T10:21:26.607	2026-08-27T10:21:26.610
all_columns	-103	4	V	VIEW	2026-08-27T10:21:26.603	2026-08-27T10:21:26.607
all_views	-102	4	V	VIEW	2026-08-27T10:21:26.623	2026-08-27T10:21:26.627
all_objects	-101	4	V	VIEW	2026-08-27T10:21:26.617	2026-08-27T10:21:26.620
